title,description,type,gender,colors,material,price,salePrice,discount,featured,inStock,sku,sizes,imageURLs
100 Cotton Yarn Loose Hooded Plaid Shirts for Women Autumn Spring Casual Blouses Females Hoodies Classic Oversized Tops,"100 Cotton Yarn Loose Hooded Plaid Shirts for Women Autumn Spring Casual Blouses Females Hoodies Classic Oversized Tops Note1.As a result of the measurement in a different way, 1-4cm error belongs to the normal range. 2.If you hesitate between two sizes, you can take the bigger one or contact us. Free SizeBust 126cm Shoulder 46cm Length 64cm",Hoodie,Women,"Black,White,Navy",Cotton,2200.0,,,false,true,1CY-3421,"S,M,L,XL",https://www.zeyrey.net/cdn/shop/files/S12a4ae96851c4d7e95451e82bdda2dacZ.webp?v=1756289296
14 Colors Candy Color 100 Cotton T-Shirts Men Women Oversized Short Sleeves Casual Breathable S-XXXL Tee Clothing Soft T Shirts,"- Product Name Men T-shirts - Fabric 100Cotton -Collar O-Neck -Sleeve Short Sleeve T Shirt - Size S,M,L,XL,2XL,3XL - Available Occasion For Daily life,Dating,Casual wear -Size Please compare the detail sizes with yours, please allow 1-3cm differs due to manual measurement. All measurement in cm and please note 1cm0.39inch Our size is Asian size Note 1.There is 1-3 cm difference according to manual measurement. 2.Please note that slight color difference should be acceptable due to the light and s",T-Shirt,Unisex,"Black,White,Navy",Cotton,600.0,,,false,true,1CC-6530,"S,XL,L,M,XXL,XXXL","https://www.zeyrey.net/cdn/shop/files/Sf3a79d27140543ff99001cbb13071780G.webp?v=1756289306,https://www.zeyrey.net/cdn/shop/files/Sdea8726df8f94ebd832c98da97674ac6v.webp?v=1756289306,https://www.zeyrey.net/cdn/shop/files/S77973a11901e4980a7650b8c47dc381b8.webp?v=1756289306,https://www.zeyrey.net/cdn/shop/files/Sb816217664b54b2dabfcb4af0494d37e3.webp?v=1756289306,https://www.zeyrey.net/cdn/shop/files/Sa9e7cfff3228489fa73cb66bc17c5b1f2.webp?v=1756289306"
2024 Certified Edger Meme Graphic T Shirts Funny No Nut November Tops Clothing T-shirt Men Women Casual Fashion Cotton Tees,"Welcome To Our Store 1MaterialCotton 2AliExpress official online logistics to ensure that your order is delivered on time 3We accept DIY customization to design unique fashion men's clothing for you 4If you need wholesale, I will give you the best price to improve your business profits 5Any questions about clothing . Please feel free to consult us. Customer service will answer for you the first time",T-Shirt,Unisex,"Black,White,Navy",Cotton,700.0,,,false,true,2CE-8277,"S,XL,L,M,XXL,XXXL",https://www.zeyrey.net/cdn/shop/files/S0efe5107990d4be6a74a142d4e80285eo.webp?v=1756117281
2024 New Loose Men T-shirts Fashion Funny Print T Shirt Retro Cool Design Street Short Sleeve Top Tee Casual Cotton Clothing,2024 New Loose Men T-shirts Fashion Funny Print T Shirt Retro Cool Design Street Short Sleeve Top Tee Casual Cotton Clothing - Premium quality clothing,T-Shirt,Unisex,"Black,White,Navy",Cotton,900.0,,,false,true,2NL-4419,"S,XL,L,M,XXL,XXXL","https://www.zeyrey.net/cdn/shop/files/S7bf881da5b824a859d78afd0133021266.webp?v=1756289366,https://www.zeyrey.net/cdn/shop/files/S38da45c8686b4e75a5566ac3eb2f3c4cH.webp?v=1756289366,https://www.zeyrey.net/cdn/shop/files/Sd11d68568bfc4841aa99f990c61ae4e9C.webp?v=1756289366,https://www.zeyrey.net/cdn/shop/files/S56b4dc33d5d744e5adcdd1043ed22471P.webp?v=1756289366"
2024 New Men's Casual Blouse Cotton Linen Shirt Loose Tops Long Sleeve Tee Shirt Spring Autumn Casual Men's Shirts,2024 New Men's Casual Blouse Cotton Linen Shirt Loose Tops Long Sleeve Tee Shirt Spring Autumn Casual Men's Shirts - Premium quality clothing,T-Shirt,Men,"Black,White,Navy",Cotton,300.0,,,false,true,2NM-9967,"S,XL,L,M,XXL,XXXL","https://www.zeyrey.net/cdn/shop/files/S1b5487c499e04dd8b0582ce01b44c253L.webp?v=1754975574,https://www.zeyrey.net/cdn/shop/files/S20499bedefa74ab382b948c57c90cfd4E.webp?v=1754975574"
A Cat That Drinks Coffee And Works Printed T-Shirt Women Soft All-Match T Shirts Cotton Casual Clothing Crewneck Oversize Top,"-Product NameMen And Women T-Shirt - Fabric 100Cotton -Collar O-Neck -Sleeve Short Sleeve T Shirt - Size S,M,L,XL,2XL,3XL - Available Occasion For Daily life,Dating,Casual wear -Size Please compare the detail sizes with yours, please allow 1-3cm differs due to manual measurement. All measurement in cm and please note 1cm0.39inch Our size is Asian size Note 1.There is 1-3 cm difference according to manual measurement. 2.Please note that slight color difference should be acceptable due to the ligh",T-Shirt,Unisex,"Black,White,Navy",Cotton,500.0,,,false,true,ACT-1539,"S,XL,L,M,XXL,XXXL","https://www.zeyrey.net/cdn/shop/files/S843a32620f734d3b87ad6e922988536by_790ff474-3a90-4bd1-84c6-95784406104c.webp?v=1754976147,https://www.zeyrey.net/cdn/shop/files/S8aa60695f4f64d5298a6a52d0a1375c7O_49bf00c5-2f89-40d6-94d7-32dffd9d74ff.webp?v=1754976147,https://www.zeyrey.net/cdn/shop/files/Sd8265c024db04856b5ed90114df238ddA_2e8b8dc8-157a-4319-bfe7-47ce2afc7405.webp?v=1754976147,https://www.zeyrey.net/cdn/shop/files/Sd852c34d99124f5b9a4f84546d2f7e33F_17dce0bf-969b-4324-8246-d57a3c4d1df2.webp?v=1754976147,https://www.zeyrey.net/cdn/shop/files/S48754f078722484eab140a62c9c2bb59E_6613c924-98a9-45ee-abad-b5ebef3577cd.webp?v=1754976148"
African Clothes For Men Dashiki T Shirt Traditional Wear Clothing Short Sleeve Casual Retro Streetwear Vintage Ethnic Style,"If you like this item, please add it to your cart If you like our store, please follow our store. Thank you At the same time please pay attention to our store, we will often update the style of clothes  we will have many style 3d hoodies t-shirts Long Sleeve T-ShirtHawaiian Shirt  Enjoy your shopping Printing Process The use of advanced digital printing technology, Images more clear, more real. Every hoodie is made with soft, Stretchy and comfortable fabric that will never shrink or fade Our com",T-Shirt,Men,"Black,White,Navy",Polyester,252.37,,,false,true,ACF-8012,"S,XL,L","https://www.zeyrey.net/cdn/shop/files/Sb66af15d7e2e40e0ab1694cc975ef226e.webp?v=1756289179,https://www.zeyrey.net/cdn/shop/files/S358e60d1f23c4ae480ba24dced31efc9X.webp?v=1756289179,https://www.zeyrey.net/cdn/shop/files/S07d90b647dfa499cb404e167ed5a7300o.webp?v=1756289179,https://www.zeyrey.net/cdn/shop/files/S60d1205f95cb4286850b6cb2cd666633U.webp?v=1756289179,https://www.zeyrey.net/cdn/shop/files/Sf13b3c8060cc4135b559d50028b0f6860.webp?v=1756289179"
AIOPESON Men's T-shirts 100 Cotton Long Sleeve O-neck Pactwork Casual T shirts for Men New Spring Designer Tees Men Clothing,AIOPESON Men's T-shirts 100 Cotton Long Sleeve O-neck Pactwork Casual T shirts for Men New Spring Designer Tees Men Clothing - Premium quality clothing,T-Shirt,Men,"Black,White,Navy",Cotton,1500.0,,,false,true,AMT-2489,"S,M,L,XL","https://www.zeyrey.net/cdn/shop/files/Scc8e4f9684ab49cea661cfa08ea05a2fz.webp?v=1756289262,https://www.zeyrey.net/cdn/shop/files/Sb71f66e362dc4a0ead964f0b53bfc9c6V.webp?v=1756289262,https://www.zeyrey.net/cdn/shop/files/S42d47c46fb5641b6a3c1d1da519228f4w.webp?v=1756289262,https://www.zeyrey.net/cdn/shop/files/S89fa95602d2341ceb98ce762add17f33A.webp?v=1756289262,https://www.zeyrey.net/cdn/shop/files/Scb16839130424b6692b66227c4776302O.webp?v=1756289262"
American Style Vintage Work Shirt Khaki Short Sleeve Multi Pocket Summer Casual Trendy Brand Men's Wear,"Versatile Design With its short sleeves and multiple pockets, this shirt is versatile and can be used in various scenarios, making it a practical addition to your wardrobe.  Summer Wear Crafted for the summer season, this shirt is lightweight and breathable, ensuring you stay comfortable during hot days.  Multi-pocket Feature The multi-pocket feature of this shirt provides ample space for your essentials, making it not only stylish but also functional.  Durable Material Made from durable materia",Shirt,Men,Khaki,Cotton,1800.0,,,false,true,ASV-7592,"XL,L,M","https://www.zeyrey.net/cdn/shop/files/Sd7296bb12b9e43648232d3a2422305edZ.webp?v=1756289206,https://www.zeyrey.net/cdn/shop/files/Sac150ec143dd4b39808e54f327eaa8889.webp?v=1756289206,https://www.zeyrey.net/cdn/shop/files/S4d7e9cc667074aecb4eb8860e68e3f7fc.webp?v=1756289206,https://www.zeyrey.net/cdn/shop/files/Saa48ef87cd224d698fac7060882e96b1r.webp?v=1756289206"
Anime Grappler Baki Hanma T Shirts Unisex Harajuku Streetwear Fashion Washed T-Shirts 100 Cotton Summer Clothes Casual Wear,Anime Grappler Baki Hanma T Shirts Unisex Harajuku Streetwear Fashion Washed T-Shirts 100 Cotton Summer Clothes Casual Wear - Premium quality clothing,T-Shirt,Unisex,"Black,White,Navy",Cotton,300.0,,,false,true,AGB-9214,"XL,L,M,XXL,XXXL","https://www.zeyrey.net/cdn/shop/files/Sb50f6e648f33406f80f9fddb8f4a4e11J.webp?v=1754975056,https://www.zeyrey.net/cdn/shop/files/Sc44d6d39665d4bdb8c7d86ba30f27a8a3.webp?v=1754975056,https://www.zeyrey.net/cdn/shop/files/S676a3026c73448ae8818347ca493e64fX.webp?v=1754975056,https://www.zeyrey.net/cdn/shop/files/Sa23cd2a4c7ff4a458f11e214c083e9998.webp?v=1754975056,https://www.zeyrey.net/cdn/shop/files/Sfeb1f4623a8c457fb8f0172cbfa711cdo.webp?v=1754975057"
Arise Up and Call Her Blessed T-Shirt,"The Bella Canvas 3001 tee offers comfort and style with its unisex fit and superior quality. Crafted from soft, lightweight fabric, this t-shirt is perfect for casual wear. It features a modern design and short sleeves, making it an ideal choice for everyday comfort. Known for its durability and color retention, this Bella Canvas shirt ensures long-lasting wear.",T-Shirt,Unisex,"Black,White,Navy",Cotton,1400.0,,,false,true,AUA-8372,"XS,XL","https://www.zeyrey.net/cdn/shop/files/d5f63b95e5841b9586288698e77da38d.webp?v=1756288978,https://www.zeyrey.net/cdn/shop/files/4f1a1de4b12af3505d34b1e13ed08e8a_8111a409-553b-4e27-874d-2b0e24bfa36d.jpg?v=1756288978"
Awesome Christian Jesus Faith Over Fear Bible Verse Vintage Washed T-shirts Men Women Casual Cotton Vintage Oversized T Shirts,Awesome Christian Jesus Faith Over Fear Bible Verse Vintage Washed T-shirts Men Women Casual Cotton Vintage Oversized T Shirts - Premium quality clothing,T-Shirt,Unisex,"Black,White,Navy",Cotton,300.0,,,false,true,ACJ-7968,"S,XL,L,M",https://www.zeyrey.net/cdn/shop/files/Sd29afba5459b4b878858ee8792067c1e4_1d84bae8-d54c-4e46-8e16-f9e34594bb1d.webp?v=1754975234
"Be A Beth T-Shirt, Cute Graphic Tee","Discover the Bella Canvas 3001 tee, a perfect blend of style and comfort made from high-quality fabric. This t-shirt features a catchy printed graphic Be A Beth that stands out. Crafted by Bella Canvas brand, it's designed for durability and softness, making it an ideal choice for everyday wear. The modern and fashionable fit ensures it pairs well with any outfit, making it a must-have addition to your wardrobe.",T-Shirt,Unisex,"Black,White,Navy",Cotton,400.0,,,false,true,BAB-3064,"XS,XL","https://www.zeyrey.net/cdn/shop/files/3a1bd778109fbc44cea129b63487c4c2.webp?v=1754976586,https://www.zeyrey.net/cdn/shop/files/4f1a1de4b12af3505d34b1e13ed08e8a_e815944d-6596-42aa-8f4a-9e3e3a8edeb4.jpg?v=1754976586"
Beautiful Flower Clusters Print Female Washed T-Shirts Breathable T-Shirt Casual Short Sleeve Y2K Women Cotton Streetwear,"ProductWashed T Shirts Material 100 cotton Applicable audience Women And Men SizeXS,S,M,L,XL,XXL Version Loose Kind reminder Height and weight are only recommended based on regular circumstances, and there is a reasonable range of 1-3cm in size. Please choose the appropriate size according to the size chart for details Color difference explanation Images are affected by different lighting and angles during shooting, resulting in color difference, which is normal",T-Shirt,Women,"Black,White,Navy",Cotton,1700.0,,,false,true,BFC-3412,"S,XL,L,M,XXL,XS","https://www.zeyrey.net/cdn/shop/files/S220a831c2cc94ee7b92e04efb2a5314cZ.webp?v=1756289302,https://www.zeyrey.net/cdn/shop/files/Sf9ddd13e43c54ec583acdd21e2447a77P.webp?v=1756289302,https://www.zeyrey.net/cdn/shop/files/S16cc839c4dcc465f8a9f050e318daf31g.webp?v=1756289302,https://www.zeyrey.net/cdn/shop/files/S5b4edf453f3b4431b6a997adc7494a5ai.webp?v=1756289302,https://www.zeyrey.net/cdn/shop/files/Sa6e42305a34c40baa25cf90f8831b25d3.webp?v=1756289302"
Best Combo Print T Shirt Funny Drunk Driving Short Sleeve T-shirts Men's Women 100 Casual Cotton Oversized T Shirts Streetwear,Best Combo Print T Shirt Funny Drunk Driving Short Sleeve T-shirts Men's Women 100 Casual Cotton Oversized T Shirts Streetwear - Premium quality clothing,T-Shirt,Men,"Black,White,Navy",Cotton,800.0,,,false,true,BCP-6456,"S,XL,L,M,XXL,XXXL",https://www.zeyrey.net/cdn/shop/files/S2b545c01149c40cfb594c9df5762e56dB.webp?v=1756289439
Best Famous Punk Band Green Day 1992 World Tour T Shirts Men Vintage Gothic Rock Tshirt Male Cotton Casual Oversized T-shirts,Best Famous Punk Band Green Day 1992 World Tour T Shirts Men Vintage Gothic Rock Tshirt Male Cotton Casual Oversized T-shirts - Premium quality clothing,T-Shirt,Men,Green,Cotton,900.0,,,false,true,BFP-5427,"S,XL,L,M,XXL,XXXL",https://www.zeyrey.net/cdn/shop/files/S28fedb92500b42b5b18083e1f64b0285s.webp?v=1756289083
Bigfoot Is Real And He Tried To Eat My Ass Funny Sasquatch T-Shirt Casual Tops Shirts For Men Brand Cotton Top T-Shirts Casual,Bigfoot Is Real And He Tried To Eat My Ass Funny Sasquatch T-Shirt Casual Tops Shirts For Men Brand Cotton Top T-Shirts Casual - Premium quality clothing,T-Shirt,Men,"Black,White,Navy",Cotton,892.16,,,false,true,BIR-5731,"S,XL,L,M,XXL,XXXL","https://www.zeyrey.net/cdn/shop/files/Hc3cf5548c1da4f758136510a4160f161C.webp?v=1756288983,https://www.zeyrey.net/cdn/shop/files/Hcd8998373b2849c9917837842c1c96d1O.webp?v=1756288983,https://www.zeyrey.net/cdn/shop/files/H48ca00dec52848b58942fc862c309867G.webp?v=1756288983"
Black Cargo Pants Men Y2K Streetwear Casual Pants Green Plus Size Camo Cotton Multi Camouflage Street Wear Style Korean Fashion,Black Cargo Pants Men Y2K Streetwear Casual Pants Green Plus Size Camo Cotton Multi Camouflage Street Wear Style Korean Fashion - Premium quality clothing,Pants,Unisex,"Black,Green",Cotton,3000.0,,,false,true,BCP-2511,"S,M,L,XL","https://www.zeyrey.net/cdn/shop/files/Sbb50e9f2143d400e9c196a88d461638d0.webp?v=1756289108,https://www.zeyrey.net/cdn/shop/files/S4b29c178f10242a587c318009678bcd3H.webp?v=1756289108,https://www.zeyrey.net/cdn/shop/files/Sfc575fc14b234a2395623445d98e18e9I.webp?v=1756289108"
Bohemian Style Ladies Thickened Elegant Flower Pattern Imitated Pashmina Shawls Fashion Winter Warm Wear Wraps Cashmere Scarves,Bohemian Style Ladies Thickened Elegant Flower Pattern Imitated Pashmina Shawls Fashion Winter Warm Wear Wraps Cashmere Scarves - Premium quality clothing,Clothing,Women,"Black,White,Navy",Cotton,2500.0,,,false,true,BSL-317,"S,M,L,XL","https://www.zeyrey.net/cdn/shop/files/1909592990679904256.jpg?v=1756288991,https://www.zeyrey.net/cdn/shop/files/1909592976800952320.jpg?v=1756288991,https://www.zeyrey.net/cdn/shop/files/1909592989396447232.jpg?v=1756288991,https://www.zeyrey.net/cdn/shop/files/1909592985432829952.jpg?v=1756288991,https://www.zeyrey.net/cdn/shop/files/1909592987869720576.jpg?v=1756288991"
Britney Spears The Britney Tour 2001 T Shirt Men Women Pure Cotton Casual T-shirt Harajuku Girl Short Sleeve T Shirts Streetwear,Britney Spears The Britney Tour 2001 T Shirt Men Women Pure Cotton Casual T-shirt Harajuku Girl Short Sleeve T Shirts Streetwear - Premium quality clothing,T-Shirt,Women,"Black,White,Navy",Cotton,1000.0,,,false,true,BST-8728,"S,XL,L,M,XXL,XXXL","https://www.zeyrey.net/cdn/shop/files/Sc5e6332c362e4c4292693da3cc74dce69.webp?v=1756289433,https://www.zeyrey.net/cdn/shop/files/S2d7ec1427e09441b8f4014fb8a7760c9Z.webp?v=1756289433,https://www.zeyrey.net/cdn/shop/files/S8fc93a9226fb4fa9b7f3c95504437022R.webp?v=1756289433"
Brooklyn Est.1998 New York Letter T Shirts Man Casual Crewneck Streetwear Breathable Fashion Summer Tops Cotton Loose T-Shirts,Brooklyn Est.1998 New York Letter T Shirts Man Casual Crewneck Streetwear Breathable Fashion Summer Tops Cotton Loose T-Shirts - Premium quality clothing,T-Shirt,Men,"Black,White,Navy",Cotton,100.0,,,false,true,BEN-9864,"S,XL,L,M,XXL,XXXL","https://www.zeyrey.net/cdn/shop/files/Sfcc8351136894b3f8cddadf754c7d967A.webp?v=1756289398,https://www.zeyrey.net/cdn/shop/files/S369e4cc81276497d8d50bddaf51b0d69n.webp?v=1756289398,https://www.zeyrey.net/cdn/shop/files/Se0729398dc42432b80a99ecd8797df00E.webp?v=1756289398"
BROWON Summer Top Men T-shirt Casual Short Sleeve Cotton Business T-shirts Men Slim Fil Solid Color Cotton T Shirt Men Fashions,"Note 1.it is in Chinese size , usual smaller 1-2 size than EU US size, 2.Please refer to our size chart to choose ,size chart refers to clothing dimensions, not body measurement. 3.If your measurements happen to be between two sizes, please choose the next bigger one , a little big will be 4.better than smaller . 5.Please allow 1-3cm error due to the manual meaasurement. 6.if you have trouble about choosing size,please contact us ,we are professional about this, 7.1 cm0.39 inch,1 inch2.54 cm Sug",T-Shirt,Unisex,"Black,White,Navy",Cotton,1800.0,,,false,true,BST-3463,"S,M,L,XL","https://www.zeyrey.net/cdn/shop/files/Sfa58e09c60aa4a708c974d540e5422d0y.webp?v=1756289074,https://www.zeyrey.net/cdn/shop/files/Sa78ce89b3fbd405291fdc4e47137ba08i.webp?v=1756289074,https://www.zeyrey.net/cdn/shop/files/S9c02b8aa3d444b63a4cfc91bfb1dff5b3.webp?v=1756289074,https://www.zeyrey.net/cdn/shop/files/S0f33973550374ff3ba165e2ca1f4d8d9r.webp?v=1756289074,https://www.zeyrey.net/cdn/shop/files/Sd5d83c60b43e4236ae5b26f0466b126ew.webp?v=1756289074"
Cell Fie Funny Science Biology Teacher T Shirt Tops Tees Discount Casual Cotton Men's Top T-shirts Casual,Cell Fie Funny Science Biology Teacher T Shirt Tops Tees Discount Casual Cotton Men's Top T-shirts Casual - Premium quality clothing,T-Shirt,Men,"Black,White,Navy",Cotton,200.0,,,false,true,CFF-6874,"S,XL,L,M,XXL,XXXL","https://www.zeyrey.net/cdn/shop/files/S638fe9eb698c40e1966cfba96d11f5b3x.webp?v=1754975257,https://www.zeyrey.net/cdn/shop/files/Sc41004f7c5ea426bb133a5097bcaad32B.webp?v=1754975257,https://www.zeyrey.net/cdn/shop/files/S5ae52bf1ad244c77b43794f1aab3e25fL.webp?v=1754975257,https://www.zeyrey.net/cdn/shop/files/S9fc82dd7fe3f453fb6f51dfe294119309.webp?v=1754975257,https://www.zeyrey.net/cdn/shop/files/Sb826574d8eef44078d60897b83ba0486u.webp?v=1754975257"
Chic and Casual Women's Hooded Sweatshirt with Fashionable Prints for a Trendy Look,Chic and Casual Women's Hooded Sweatshirt with Fashionable Prints for a Trendy Look - Premium quality clothing,T-Shirt,Women,"Black,White,Navy",Cotton,2900.0,,,false,true,CAC-9175,"S,XXL,M,XL,L","https://www.zeyrey.net/cdn/shop/files/1924728813674909696.jpg?v=1756289205,https://www.zeyrey.net/cdn/shop/files/1924728815201636352.jpg?v=1756289205,https://www.zeyrey.net/cdn/shop/files/1924728817739190272.jpg?v=1756289205,https://www.zeyrey.net/cdn/shop/files/1924728806548787200.jpg?v=1756289205,https://www.zeyrey.net/cdn/shop/files/1924728809111506944.jpg?v=1756289205"
Colourful Reptile Leopard Gecko T-Shirt Casual T Shirts For Men Cotton Tees Unique Coupons,Colourful Reptile Leopard Gecko T-Shirt Casual T Shirts For Men Cotton Tees Unique Coupons - Premium quality clothing,T-Shirt,Men,"Black,White,Navy",Cotton,200.0,,,false,true,CRL-6890,"S,XL,L,M,XXL,XXXL","https://www.zeyrey.net/cdn/shop/files/H05ba734c8f7b4fefb59cf4ad694da0d9w.webp?v=1756289111,https://www.zeyrey.net/cdn/shop/files/H7fc824ab3e2c404790d1e0c514c6e1a0Z.webp?v=1756289111"
Cotton Linen Shirts Women Casual Solid Blouses Shirts Loose Tops Tunic Blusas Oversized T-Shirt Blouse Women Short Sleeve Shirt,Cotton Linen Shirts Women Casual Solid Blouses Shirts Loose Tops Tunic Blusas Oversized T-Shirt Blouse Women Short Sleeve Shirt - Premium quality clothing,T-Shirt,Unisex,"Black,White,Navy",Cotton,2800.0,,,false,true,CLS-152,"S,XL,L,M,XXL","https://www.zeyrey.net/cdn/shop/files/S30e53b2a89a64a909146eb84536e2704I.webp?v=1756288982,https://www.zeyrey.net/cdn/shop/files/S137fb386bb314c6988ce0b829c376d9a7.webp?v=1756288982,https://www.zeyrey.net/cdn/shop/files/S5c054cde096047a0b637d24d69532872I.webp?v=1756288982,https://www.zeyrey.net/cdn/shop/files/S7e626a444a0648fea370e24ea5bfc0cbt.webp?v=1756288982,https://www.zeyrey.net/cdn/shop/files/Sebe5efbc577a48c3aa4690774ca3e6d2L.webp?v=1756288982"
Cotton Solid Color Female T-Shirts Multicolor Summer Short Sleeve Unisex Comfortable Tee Shirts Casual Fashion Women Sportswear,"- Product NameSummer T-shirts- Fabric Cotton- Size S,M,L,XL,2XL,3XL- Available Occasion For Daily life,Dating,Casual wear,Personality,Streetwear-Size Please compare the detail sizes with yours, please allow 1-3cm differs due to manual measurement.All measurement in cm and please note 1cm0.39inch Our size is Asian size-As different computers display colors differently, the color of the actual item may vary-slightly from the above images.-Thanks for your understanding",T-Shirt,Women,"Black,White,Navy",Cotton,100.0,,,false,true,CSC-1158,XXXL,"https://www.zeyrey.net/cdn/shop/files/Se002c87585774e9aa760d78c804b4854m.webp?v=1756289248,https://www.zeyrey.net/cdn/shop/files/S53b1cd9462514fb6ace6157fa73e0e10h.webp?v=1756289248,https://www.zeyrey.net/cdn/shop/files/S4689d05ef2d74fcbaf372a60f174d3ef3.webp?v=1756289248,https://www.zeyrey.net/cdn/shop/files/S9ad26f370293486083b153c9855bdcf2h.webp?v=1756289248,https://www.zeyrey.net/cdn/shop/files/S02724564b4914cceb00d6969e417bb00Z.webp?v=1756289248"
"COUTUDI-Oversized Summer T Shirts for Women, Casual Streetwear, Korean Tees, Basic, Solid, Cotton Tops, Young Summer Cotton T","COUTUDI Oversized Summer T shirts For Women Men Casual Female Korean Streetwear Tees Unisex Basic Solid Young Summer Cotton Tops Specification Brand NameCOUTUDI ColorWhite,Black,Blue,Pink,RedSizeXSSMLXL2XL3XLApplicationTEES,Tops,Oversized Summer T shirts Logistics TimingShipping Methods We offer various shipping methods, including standard international express and express post. You can choose the shipping method that suits your budget and time requirements.Estimated Delivery Time The estimated ",T-Shirt,Women,"Black,White,Navy",Cotton,200.0,,,false,true,CST-7312,"S,XL,L,M,XXL,XXXL","https://www.zeyrey.net/cdn/shop/files/S24fc0e648a0d4596a0d62eb70d7409881.webp?v=1754975269,https://www.zeyrey.net/cdn/shop/files/S4a46e899a48840b59b1ff71fee5d896e2.webp?v=1754975269,https://www.zeyrey.net/cdn/shop/files/S071fa085b9bb4db5b13aed9c7cb9038dn.webp?v=1754975269,https://www.zeyrey.net/cdn/shop/files/Sdc5239b1b6bf4f369cd91ece5c52748a4.webp?v=1754975269,https://www.zeyrey.net/cdn/shop/files/S99b13ac089da4da59b9ba9b979039d9aw.webp?v=1754975269"
Custom Heavyweight t-shirt 220g 100 Cotton T-Shirts Mens Casual Round Neck T-shirt High Quality Plus Size White T Shirt D7077,"If you want to customize your number, name and logo ,please feel free to contact us and describe your request in detail.Our designers have a deep knowledge of customization that you will be interested.Custom Feea.Print number need extra 1.b.Print name need extra 1.c.Print logo need extra 1.d.Print sponsor logo need extra 1.e.Embroidery need extra 4 For Sample Fee and 3 pre piece logo feef.If you are a wholesaler and need more quantity, we can communicate further,thanks.",T-Shirt,Men,White,Cotton,200.0,,,false,true,CHT-5904,"S,XL,L,M,XXL,XXXL","https://www.zeyrey.net/cdn/shop/files/Sf4bbdc983cfe406db2368ae203496156a.webp?v=1754976008,https://www.zeyrey.net/cdn/shop/files/S56980416a2874f3db47dcd7524a937dc3.webp?v=1754976008,https://www.zeyrey.net/cdn/shop/files/S3e1dc23ea5b745d0b541e8a688995191O.webp?v=1754976008,https://www.zeyrey.net/cdn/shop/files/S11b51bfc7a61477690343554d955b1c0e.webp?v=1754976009,https://www.zeyrey.net/cdn/shop/files/S9de32d3fee7d45c5866c66b8e74c02d7y.webp?v=1754976009"
Dear Person Behind Me T Shirt Motivational Quotes Humor Men Women Clothing 100 Cotton Unisex O-Neck Casual T-shirts EU Size,"Men's Plus Size 3XL Size chest--130cm, length--82cm 4XL Size chest--136cm, length--84cm",T-Shirt,Unisex,"Black,White,Navy",Cotton,400.0,,,false,true,DPB-9945,"S,M,L,XL","https://www.zeyrey.net/cdn/shop/files/S79976ff35ce249cd96d8c523556b9933V.webp?v=1754976146,https://www.zeyrey.net/cdn/shop/files/S69b72dad7f924b3eb78ce9ac4aac2bb6I.webp?v=1754976145"
Doberman T-Shirts Women Dog Prints Cotton Tops Summer O-Neck Oversize T Shirts Casual Short Sleeve Tees Street Woman Clothes,"- Product NameSummer T-shirts - Fabric 100Cotton - Size S,M,L,XL,2XL,3XL -Size Please compare the detail sizes with yours, please allow 1-3cmdiffers due to manual measurement. All measurement in cm and please note 1cm0.39inch Our size is Asian size -As different computers display colors differently, the color of the actual item may vary -slightly from the above images. -Thanks for your understanding.",T-Shirt,Women,"Black,White,Navy",Cotton,1600.0,,,false,true,DTW-7984,"S,XL,L,M,XXL,XXXL","https://www.zeyrey.net/cdn/shop/files/Sa3ef489fd76d43d3a890f76bc45306e0n.webp?v=1756288922,https://www.zeyrey.net/cdn/shop/files/Sed9b91bdbc254e358655c7be43a34a97I.webp?v=1756288922,https://www.zeyrey.net/cdn/shop/files/S46b4a4eb21534b8b8745bd9c50dd5853q.webp?v=1756288922,https://www.zeyrey.net/cdn/shop/files/Sdf80bc23dae248b6b4bba57d260c0ec0D.webp?v=1756288922,https://www.zeyrey.net/cdn/shop/files/S50bb28b87c0e41a6987f49968ebbcf0cl.webp?v=1756288922"
Doja Cat Kiss Me More Graphic T Shirt Men Women Clothing Fashion Harajuku T-shirt Cotton Casual Short Sleeve T-shirts Streetwear,Doja Cat Kiss Me More Graphic T Shirt Men Women Clothing Fashion Harajuku T-shirt Cotton Casual Short Sleeve T-shirts Streetwear - Premium quality clothing,T-Shirt,Unisex,"Black,White,Navy",Cotton,1100.0,,,false,true,DCK-3993,"S,XL,L,M,XXL,XXXL",https://www.zeyrey.net/cdn/shop/files/S5aea6c00b2cb49a4b3f444e6feac22e9j.webp?v=1756289259
Don't Bully Me I'll Come T Shirt Funny Letter Print T-shirts Men's Women Cotton Soft T Shirts Summer Casual Oversized T-shirt,"Welcome To Our Store 1MaterialCotton 2AliExpress official online logistics to ensure that your order is delivered on time 3If you need wholesale, I will give you the best price to improve your business profits",T-Shirt,Men,"Black,White,Navy",Cotton,200.0,,,false,true,DBM-8890,"S,XL,L,M,XXL,XXXL","https://www.zeyrey.net/cdn/shop/files/S89dfd5e6603d4cf8a0c69ca01a9772b2j.webp?v=1754975066,https://www.zeyrey.net/cdn/shop/files/Sf7ff191f8f2948199fdc516e94b10542j.webp?v=1754975066,https://www.zeyrey.net/cdn/shop/files/S5632ce5ff8e348b09a4272e4cbda5a81e.webp?v=1754975066"
DXTON Spring Girls T-shirts Long Sleeve Girls Casual Tops Toddlers Cotton Tees Children Cartoon Unicorn Crown T shirts Outfits,DXTON Spring Girls T-shirts Long Sleeve Girls Casual Tops Toddlers Cotton Tees Children Cartoon Unicorn Crown T shirts Outfits - Premium quality clothing,T-Shirt,Women,"Black,White,Navy",Cotton,800.0,,,false,true,DSG-1533,"S,M,L,XL","https://www.zeyrey.net/cdn/shop/files/S5ef63c8255b1462eb54d010c1e6fc197A.webp?v=1756288978,https://www.zeyrey.net/cdn/shop/files/Sab4f2973a0534148b81a45ab892f11316.webp?v=1756288978,https://www.zeyrey.net/cdn/shop/files/S8c92d52b71a544c2a1a8d06f8ec52339m.webp?v=1756288978,https://www.zeyrey.net/cdn/shop/files/S3dc6d4af5ae94cd4a9555c5a2129a6dfW.webp?v=1756288978,https://www.zeyrey.net/cdn/shop/files/Se8b8f9ea4ce54e1d88d7ac556987c4e08.webp?v=1756288978"
Eat Sleep Fish Repeat T-shirt Cotton Normal Tees Coupons Men T-Shirt Casual Tops Shirts Wholesale Basic,Eat Sleep Fish Repeat T-shirt Cotton Normal Tees Coupons Men T-Shirt Casual Tops Shirts Wholesale Basic - Premium quality clothing,T-Shirt,Unisex,"Black,White,Navy",Cotton,350.0,,,false,true,ESF-6033,"S,XL,L,M,XXL,XXXL","https://www.zeyrey.net/cdn/shop/files/S7e4da50eebdb44e8b451c0c9d826bb7fw.webp?v=1754976012,https://www.zeyrey.net/cdn/shop/files/S90961647be2a4997bf5dad01872c6c9e0.webp?v=1754976012,https://www.zeyrey.net/cdn/shop/files/S2370e86d5cbd44f48c9f3915ae4adb67c.webp?v=1754976012"
Eddie Munson The Demogorgon T Shirt Cannibal Flower Monster Print T-shirts Casual Cotton Tees Unisex harajuku Streetwear,Eddie Munson The Demogorgon T Shirt Cannibal Flower Monster Print T-shirts Casual Cotton Tees Unisex harajuku Streetwear - Premium quality clothing,T-Shirt,Unisex,"Black,White,Navy",Cotton,740.74,,,false,true,EMT-4862,"S,XL,L,M,XXL","https://www.zeyrey.net/cdn/shop/files/Sd45fe1302dd64eb8b8ec0ec056021decw.webp?v=1756289398,https://www.zeyrey.net/cdn/shop/files/Sd970835ec0504047934ad142d9075f7f8.webp?v=1756289398,https://www.zeyrey.net/cdn/shop/files/Sb4ba0afc112a469abfea1ea5e0e84b782.webp?v=1756289398,https://www.zeyrey.net/cdn/shop/files/Sde848d89f0dd4497a37f2fe2d16dfe1aS.webp?v=1756289398,https://www.zeyrey.net/cdn/shop/files/S01e7867188c342de8c33c741ee57c6d7D.webp?v=1756289398"
Elegant  Minimalist Style Vest  Pants Sets Women's Wear 2025 Summer Two-Piece Sets Temperament Female Fashion Trousers Outfits,"Elegant  Minimalist Style Vest  Pants Sets Women's Wear 2025 Summer Two-Piece Sets Temperament Female Fashion Trousers OutfitsDear friends, we are professional for dropshipping and wholesaler services,I can provide any goods you want and give you the lowest price.Quality,delivery time and service are our foundation.After placing the order,I can give you priority to deliver the goods.If it is out of stock,I will contact you in advance.If there is any problem after receiving the goods,we will help",Pants,Women,"Black,White,Navy",Cotton,3000.0,,,false,true,EMS-6076,"S,XL,L,M","https://www.zeyrey.net/cdn/shop/files/Sca6eda1ac48d49288a70e5e7b0a87f010.webp?v=1756289002,https://www.zeyrey.net/cdn/shop/files/Sf21869326bb44c1b9f2467bebb96563fM.webp?v=1756289002"
Every Thing Cuill Be Okay Letter Graphic T-Shirt Female Cotton Oversized T Shirts Casual Short Sleeve Street Fashion T Shirt,"- Product NameSummer T-shirts- Fabric Cotton- Size S,M,L,XL,2XL,3XL- Available Occasion For Daily life,Dating,Casual wear,Personality,Streetwear-Size Please compare the detail sizes with yours, please allow 1-3cm differs due to manual measurement.All measurement in cm and please note 1cm0.39inch Our size is Asian size-As different computers display colors differently, the color of the actual item may vary-slightly from the above images.-Thanks for your understanding",T-Shirt,Women,"Black,White,Navy",Cotton,500.0,,,false,true,ETC-4970,"S,XL,L,M,XXL,XXXL","https://www.zeyrey.net/cdn/shop/files/Sc40a7e8b9040406b8bc1174904178416l.webp?v=1754975946,https://www.zeyrey.net/cdn/shop/files/S8163a2b2b46246cabb24b8b7867cf683o.webp?v=1754975946,https://www.zeyrey.net/cdn/shop/files/Sd27f2718a392483ba46a9e93ebc47a6dA.webp?v=1754975947,https://www.zeyrey.net/cdn/shop/files/Sc228f0c419144923a0f376ee64bdd46eo.webp?v=1754975946,https://www.zeyrey.net/cdn/shop/files/Sbe90b6e4194d45a38dfbc2c77471c84eI.webp?v=1754975946"
Faith Over Fear Letter Printing Women T-Shirts Breathable Cotton Clothes Summer Street Tee Shirts Casual Oversize Streetwear,"- Product NameSummer T-shirts - Fabric 100Cotton - Color Black,Blue,Dark Blue, Army Green, Gray,Green,Light Blue,Light Green,Orange,Red,White,Brown - Size S,M,L,XL,2XL - Available Occasion For Daily life,Dating,Casual wear,Personality,Streetwear -Size Please compare the detail sizes with yours, please allow 1-3cm differs due to manual measurement. All measurement in cm and please note 1cm0.39inch Our size is Asian size -As different computers display colors differently, the color of the actual i",T-Shirt,Unisex,"Black,White,Navy",Cotton,200.0,,,false,true,FOF-8835,"S,XL,L,M,XXL,XXXL","https://www.zeyrey.net/cdn/shop/files/S3f5031ab4def47aea4b43a90d7eccc0eP.webp?v=1754975561,https://www.zeyrey.net/cdn/shop/files/S02391f33e5da4f438bf29c03e8a970ead.webp?v=1754975561,https://www.zeyrey.net/cdn/shop/files/S20396a190b6c455ea435e1b05648ec341.webp?v=1754975561,https://www.zeyrey.net/cdn/shop/files/S1a5763677e6544c2a4b81af8d3b0b55eo.webp?v=1754975560,https://www.zeyrey.net/cdn/shop/files/S7fc914db49f249e5b789793b6523d764p.webp?v=1754975561"
Fashion Thin Cotton Linen Y2k Tops Tee Women Clothing Summer Loose T Shirts Woman Embroidered T-shirt Blusa Casual Ladies tshirt,Fashion Thin Cotton Linen Y2k Tops Tee Women Clothing Summer Loose T Shirts Woman Embroidered T-shirt Blusa Casual Ladies tshirt - Premium quality clothing,T-Shirt,Women,Red,Cotton,2700.0,,,false,true,FTC-5451,"XL,L,M,XXL,XXXL","https://www.zeyrey.net/cdn/shop/files/S456b494ee2194246a38a91616e6b066ad.webp?v=1756289484,https://www.zeyrey.net/cdn/shop/files/S88188414a692428a89d49aafc4e3aee3Z.webp?v=1756289484,https://www.zeyrey.net/cdn/shop/files/Sc663a81f60f14302a2a5ea78dfc90444v.webp?v=1756289484,https://www.zeyrey.net/cdn/shop/files/S33edab6e2cb94ce7944385d742b71e86o.webp?v=1756289484,https://www.zeyrey.net/cdn/shop/files/S3157a7c6a8944052a073ba56de43fee9r.webp?v=1756289484"
Funny Cybersecurity Professional Not a Hacker Graphic T-shirts Men Fashion Casual Tshirt 100 Cotton Loose Oversized T Shirt,"Terms of Service Shipment When you place an order, please choose a shipping method and pay for the order including the shipping fee. We will send the items within 3-5days once your payment is completed. We check every item before dispatching. Every item is also packaged with great care to avoid damage in transition. We ship worldwide. The Buyer Pays Postage which is added to the price of the item on checkout. Returns We do our best to serve our customers the best that we can. We will refund you ",T-Shirt,Unisex,"Black,White,Navy",Cotton,100.0,,,false,true,FCP-1006,"S,XL,L,M","https://www.zeyrey.net/cdn/shop/files/Sad08f427d315443799d1afaf7b5c9e27X.webp?v=1754975996,https://www.zeyrey.net/cdn/shop/files/S5144e2143214497db64ac31c976e8fbfZ.webp?v=1754975996,https://www.zeyrey.net/cdn/shop/files/S389a95f074644e1bac4deec495d4db08J.webp?v=1754975996,https://www.zeyrey.net/cdn/shop/files/S1f6ba146f3cd45909f22f7e6d0441a09m.webp?v=1754975996,https://www.zeyrey.net/cdn/shop/files/S680dce08f7734bf8b2e8da467d206c0ek.webp?v=1754975996"
Funny Chemistry Its Like Magic But Real Geeky T-Shirt Tops Shirts Funky Casual Cotton Men's Top T-Shirts Cool,Funny Chemistry Its Like Magic But Real Geeky T-Shirt Tops Shirts Funky Casual Cotton Men's Top T-Shirts Cool - Premium quality clothing,T-Shirt,Men,"Black,White,Navy",Cotton,878.52,,,false,true,FCI-2934,"S,XL,L,M,XXL,XXXL","https://www.zeyrey.net/cdn/shop/files/H04acac78825044a98cfad18074dd7d28i.webp?v=1756289337,https://www.zeyrey.net/cdn/shop/files/Hcd8998373b2849c9917837842c1c96d1O_ae672efb-7906-4237-93e2-acebfedb2d9e.webp?v=1756289337,https://www.zeyrey.net/cdn/shop/files/H48ca00dec52848b58942fc862c309867G_833eb755-e995-4f40-a52b-9c55caf03983.webp?v=1756289337"
German Rock Band Tokio Hotel The Tour 2025 T Shirts Men Hip Hop Punk Gothic T-shirt Cotton Casual Loose Short Sleeve T-shirts,German Rock Band Tokio Hotel The Tour 2025 T Shirts Men Hip Hop Punk Gothic T-shirt Cotton Casual Loose Short Sleeve T-shirts - Premium quality clothing,T-Shirt,Men,"Black,White,Navy",Cotton,849.87,,,false,true,GRB-1766,"S,XL,L,M,XXL,XXXL",https://www.zeyrey.net/cdn/shop/files/Sb1bd5e0ce59d45cfb0b97554f9585bc8G.webp?v=1756288984
GIGN Groupe d'Intervention de la Gendarmerie Nationale France Men T-SHIRT Short Casual 100 Cotton T-Shirts heavyweight 2024,"Anime Men T shirt Oversized T-shirt Gay,Pug,Pop,Kpop,Tops,Punk,Lgbt,2024,Ussr,Beer,Rock,Xxxx,Popi,Suit,Anime,Manga,Shirt,Joker,Poker,Jokes,Rugby,Pride,Chile,Spain,Retro,Horse,Given,Japan,Otaku,Sushi,Skull,Vegan,Dutch,Sweat,Trick,Drank,20-21,Flags,Tales,Metal,Shiva,Dress,Super,Music,Trade,Tshirt,Hentai,Canada,Totoro,Summer,Gothic,Guitar,Hippie,Vegeta,Brazil,French,Horror,Avatar,Mexico,Jersey,Shirts,Spring,Dragon,Movies,Imagic,Arabic,T-Shirt,T Shirt,Fishing,Vintage,Berserk,Hip Hop,Friends,Belgium,",T-Shirt,Unisex,"Black,White,Navy",Cotton,400.0,,,false,true,GGD-8278,"S,XL,L,M,XXL,XXXL",https://www.zeyrey.net/cdn/shop/files/Se2bae68492294fffa0223cebd999f63fh.webp?v=1754975996
Guts 2024 World Tour Sour Vampire Vintage Washed T Shirts Men Women Fashion Casual T-shirts Cotton Loose T-shirt Fans Gift Tops,Guts 2024 World Tour Sour Vampire Vintage Washed T Shirts Men Women Fashion Casual T-shirts Cotton Loose T-shirt Fans Gift Tops - Premium quality clothing,T-Shirt,Unisex,"Black,White,Navy",Cotton,961.74,,,false,true,G2W-6075,"S,XL,L,M,XXL",https://www.zeyrey.net/cdn/shop/files/Sb68e0432013a4131bd3c10298f38747e4.webp?v=1756288984
Guts 2024 World Tour Sour Vampire Vintage Washed T Shirts Men Women Fashion Casual T-shirts Cotton Loose T-shirt Fans Gift Tops,Guts 2024 World Tour Sour Vampire Vintage Washed T Shirts Men Women Fashion Casual T-shirts Cotton Loose T-shirt Fans Gift Tops - Premium quality clothing,T-Shirt,Unisex,"Black,White,Navy",Cotton,961.74,,,false,true,G2W-6075,"S,XL,L,M,XXL",https://www.zeyrey.net/cdn/shop/files/Sb68e0432013a4131bd3c10298f38747e4_a04420bd-eb49-4d38-9036-b78fba4b1d1c.webp?v=1756289244
Gyat Hunter Funny Meme T-Shirt Men Women Fashion Vintage Short Sleeve T-shirts Cotton Casual Loose Oversized T Shirt Streetwear,Gyat Hunter Funny Meme T-Shirt Men Women Fashion Vintage Short Sleeve T-shirts Cotton Casual Loose Oversized T Shirt Streetwear - Premium quality clothing,T-Shirt,Unisex,"Black,White,Navy",Cotton,906.49,,,false,true,GHF-284,"S,XL,L,M,XXL,XXXL",https://www.zeyrey.net/cdn/shop/files/Sbbc6f6730670480eaed06607b52706c5t.webp?v=1756289309
Hawk Tuah Eat Sleep Repeat Funny Meme T-shirts Tshirt Men Women's Fashion Casual Oversized 100 Cotton T Shirt,"Terms of Service Shipment When you place an order, please choose a shipping method and pay for the order including the shipping fee. We will send the items within 3-5days once your payment is completed. We check every item before dispatching. Every item is also packaged with great care to avoid damage in transition. We ship worldwide. The Buyer Pays Postage which is added to the price of the item on checkout. Returns We do our best to serve our customers the best that we can. We will refund you ",T-Shirt,Women,"Black,White,Navy",Cotton,100.0,,,false,true,HTE-5145,"S,XL,L,M","https://www.zeyrey.net/cdn/shop/files/S4ab57fc980344c9195933542d87594e42.webp?v=1754976006,https://www.zeyrey.net/cdn/shop/files/S977e38ce0389435da71c84535538602e6.webp?v=1754976005,https://www.zeyrey.net/cdn/shop/files/Sa502bf2463f240d6b3c5f37d6cb19bb42.webp?v=1754976006,https://www.zeyrey.net/cdn/shop/files/S03536c69426a4f8aa2acac1857258d16K.webp?v=1754976005,https://www.zeyrey.net/cdn/shop/files/S609d4f87bc9f4c84a1324499b397993dn.webp?v=1754976006"
Hip Hop Retro Cartoon Band Print Men's and Women's Short Sleeve T-Shirts Summer 2022 Harajuku 100 Cotton Loose Casual T-Shirts,This is a 100 cotton T-shirt,T-Shirt,Women,"Black,White,Navy",Cotton,400.0,,,false,true,HHR-6364,"S,XL,L,M,XXL","https://www.zeyrey.net/cdn/shop/files/U02f3b7a3e55c43fd86624238dbe789cfp.webp?v=1754975469,https://www.zeyrey.net/cdn/shop/files/U84fee49f35544f7596a71e9db94adee3C.webp?v=1754975469,https://www.zeyrey.net/cdn/shop/files/U8025874035a844adaed5a70ac2b25915s.webp?v=1754975469,https://www.zeyrey.net/cdn/shop/files/U24c5c728efd346c2a1a706097c608d69P.webp?v=1754975469,https://www.zeyrey.net/cdn/shop/files/U9663abd2aafc47beb359d909456579d5V.webp?v=1754975469"
Hot Rapper Kendrick Lamar Not Like Us Mustard T Shirts Men Hip Hop Popular Music T-shirt Men's Casual Cotton Oversized T-shirts,Hot Rapper Kendrick Lamar Not Like Us Mustard T Shirts Men Hip Hop Popular Music T-shirt Men's Casual Cotton Oversized T-shirts - Premium quality clothing,T-Shirt,Men,"Black,White,Navy",Cotton,946.73,,,false,true,HRK-6675,"S,XL,L,M,XXL,XXXL",https://www.zeyrey.net/cdn/shop/files/S1fcc6d68760746beb6a63b3b7e71baacr.webp?v=1756288984
Huge Cat Waves And Small Tower Mens Tshirt Oversized T-Shirts Oversized Cotton T Shirts Breathable Casual Loose Short Sleeve,"- Product Name Men T-shirts - Fabric 100Cotton -Collar O-Neck -Sleeve Short Sleeve T Shirt - Size S,M,L,XL,2XL,3XL - Available Occasion For Daily life,Dating,Casual wear -Size Please compare the detail sizes with yours, please allow 1-3cm differs due to manual measurement. All measurement in cm and please note 1cm0.39inch Our size is Asian size Note 1.There is 1-3 cm difference according to manual measurement. 2.Please note that slight color difference should be acceptable due to the light and s",T-Shirt,Men,"Black,White,Navy",Cotton,1640.41,,,false,true,HCW-5575,"S,XL,L,M,XXL,XXXL","https://www.zeyrey.net/cdn/shop/files/S5fd03afac0dd4177ba0dbeb2b2704c0eW.webp?v=1756289367,https://www.zeyrey.net/cdn/shop/files/S55144a259ddc445485f8a2feceed3b51h.webp?v=1756289367,https://www.zeyrey.net/cdn/shop/files/Sb82f821cf4284a7d8b12b4411140e6a5o.webp?v=1756289367,https://www.zeyrey.net/cdn/shop/files/S419a7a3d4e694b91b9767f0934a5390ak.webp?v=1756289367,https://www.zeyrey.net/cdn/shop/files/S30ae3f95010b44309870278456ba30fdD.webp?v=1756289367"
Human By Chance Alpha By Choice Wolf Funny Meme T Shirts Men's Casual Cotton Vintage Short Sleeve Oversized T-shirts Streetwear,Human By Chance Alpha By Choice Wolf Funny Meme T Shirts Men's Casual Cotton Vintage Short Sleeve Oversized T-shirts Streetwear - Premium quality clothing,T-Shirt,Men,"Black,White,Navy",Cotton,1027.22,,,false,true,HBC-86,"S,XS,XL,L,M,XXL,XXXL",https://www.zeyrey.net/cdn/shop/files/S194fe4699f9f40edbdc0591c13270328S.webp?v=1756289045
I Heart Love Destroy Lonely T Shirt Men Women Clothing Fashion Harajuku Opium T-shirt 100 Cotton Casual Cozy Oversized T-shirts,I Heart Love Destroy Lonely T Shirt Men Women Clothing Fashion Harajuku Opium T-shirt 100 Cotton Casual Cozy Oversized T-shirts - Premium quality clothing,T-Shirt,Unisex,"Black,White,Navy",Cotton,828.05,,,false,true,IHL-115,"S,XL,L,M,XXL,XXXL",https://www.zeyrey.net/cdn/shop/files/S4f979ac1c8434d2db99a4612a0a947c1r.webp?v=1756289302
I Need Ibuprofen Funny Cat T Shirt Cotton Short Sleeve Graphic T Shirts Casual Round Neck Streetwear Harajuku T-Shirt Unisex,It is Asian sizePlease Double checking the sizecolor befor your payment,T-Shirt,Unisex,"Black,White,Navy",Cotton,853.97,,,false,true,INI-1728,"S,XL,L,M,XXL,XXXL","https://www.zeyrey.net/cdn/shop/files/S10eed7e9e53145b6a959db15c3d37a30c.webp?v=1756289347,https://www.zeyrey.net/cdn/shop/files/S05b395c1c1e54527a2c494bba2bc7f81f.webp?v=1756289347,https://www.zeyrey.net/cdn/shop/files/S120858d722ad42f49d99278d04328f93M.webp?v=1756289347"
Im Going Insane Funny Cat Meme Graphic T-shirt Men Women Fashion Hip Hop T Shirts Cotton Casual Oversized Short Sleeve T-shirts,Im Going Insane Funny Cat Meme Graphic T-shirt Men Women Fashion Hip Hop T Shirts Cotton Casual Oversized Short Sleeve T-shirts - Premium quality clothing,T-Shirt,Unisex,"Black,White,Navy",Cotton,862.15,,,false,true,IGI-4678,"S,XL,L,M,XXL,XXXL",https://www.zeyrey.net/cdn/shop/files/S0268d57771064921b3ceeca22c234f41Z.webp?v=1756289045
Imagine Dragons Band World Loom Tour 2025 Double Sided Print T Shirts Men Women Casual 100 Cotton Oversized T-shirts Streetwear,Imagine Dragons Band World Loom Tour 2025 Double Sided Print T Shirts Men Women Casual 100 Cotton Oversized T-shirts Streetwear - Premium quality clothing,T-Shirt,Unisex,"Black,White,Navy",Cotton,1398.27,,,false,true,IDB-2124,"S,XL,L,M,XXL,XXXL",https://www.zeyrey.net/cdn/shop/files/Sd76c5b4b192c4eb09c888f12f5ae2526x.webp?v=1756289043
INFLATION Summer Short Sleeve Tees Unisex Casual Plain T-shirts 100 Cotton Oversized Tees Men Fashion Hip Hop T-Shirts 0057S21,Нанимать на работу Российские агенты и оптовые клиенты Свяжитесь с нами для получения льготных цен,T-Shirt,Unisex,"Black,White,Navy",Cotton,2100.0,,,false,true,ISS-5723,"S,XL,L,M,XXL","https://www.zeyrey.net/cdn/shop/files/Sddf391172b8644aab28e403e233c0daf1.webp?v=1756288921,https://www.zeyrey.net/cdn/shop/files/Sb7cebed51b704e10bb7cc174455bd078W.webp?v=1756288921,https://www.zeyrey.net/cdn/shop/files/S83e58ebdd00b4680941c1d4a542d7824M.webp?v=1756288921,https://www.zeyrey.net/cdn/shop/files/Sba3020c381514a64a37efd105ede11b0N.webp?v=1756288921,https://www.zeyrey.net/cdn/shop/files/S54a327becef44b0ebcd89bcdf34a82078.webp?v=1756288921"
JK Uniform V-Neck Basic Preppy Style Knit Sweater Solid Color Pullover Top Layered Wear For Women Japanese Style,"Elegant V-Neck Design  The V-neck design of this JK uniform sweater adds an elegant touch, perfect for college-style fashion.  Solid Color Pullover  This solid color pullover sweater offers a classic look, making it versatile for various outfits.  Comfortable Knitted Material  Made from knitted material, this sweater provides comfort and warmth, perfect for cooler days.  Japanese Style Top  Inspired by Japanese style, this top brings a unique flair to your wardrobe, ideal for those who love Asia",Clothing,Women,Red,Cotton,1104.29,,,false,true,JUV-5100,"S,XL,L,M,XXL,XS","https://www.zeyrey.net/cdn/shop/files/S251aea0a78f545dfb583c53c21d68685s.webp?v=1756289079,https://www.zeyrey.net/cdn/shop/files/Sc71903c94bb248a7ae270634be0b35acF.webp?v=1756289079,https://www.zeyrey.net/cdn/shop/files/Sa9375205aabc46d58db1593f4eb64c8dg.webp?v=1756289079,https://www.zeyrey.net/cdn/shop/files/Se36f7afa3aba40069c4ff1fd18272790E.webp?v=1756289079,https://www.zeyrey.net/cdn/shop/files/S13d20c5142d1495aa54e1bb89c6c808fv.webp?v=1756289079"
Joskaa Letter Embroidery Short Sweatshirts Women Autumn Sweaters Long Sleeve Crop Tops 2023 Casual T-Shirts Vintage Streetwear,"SIZE TABLE size Bustcm Sleeve Lengthcm Waistcm Lengthcm S 98 58 68-80 36 M 102 59 72-84 37 L 106 60 76-88 38 COLOR DIFFERENCE As we all know ,the different computers display colors differently, the color of the actual item may vary slightly from the following images. 1.Please follow the size chart to select the size. Do not select directly to your habits. The size may have 2-3 cm differs due to manual measurement. 2. If you feel difficult to choose the size ,you can feel free to contact us, we w",T-Shirt,Unisex,"Black,White,Navy",Cotton,1162.95,,,false,true,JLE-1900,"L,S,M","https://www.zeyrey.net/cdn/shop/files/Sa2879b800cb9410fafff7c91202c462eJ.webp?v=1756289365,https://www.zeyrey.net/cdn/shop/files/S7c7ac5ef62c14c8c9d663e1663554037S.webp?v=1756289365,https://www.zeyrey.net/cdn/shop/files/S87ad6607aeea46b381d18044ad92e272n.webp?v=1756289365,https://www.zeyrey.net/cdn/shop/files/S67b5d32fcd9d4e6eb4334ebace046581P.webp?v=1756289365,https://www.zeyrey.net/cdn/shop/files/S8cdfe729892f46c487253ac698b9ae8fT.webp?v=1756289365"
Just A Chill Guy T-shirts for Men Funny Meme Graphic T Shirts Cotton Casual Short Sleeve Tshirt Mens Clothes Designer Tshirts,"Welcome to our store, I hope you have a good shopping and looking forward to cooperating with you. 1. We are a factory that supports drop shipping and all the products are available. 2. We support customization 3. All the order will be sent in 0-2 days  Holiday will be send in 2-4 days. 4. Please Double checking the sizeolor befor your payment Soft and Comfortable high-quality cotton t shirt Screw thread round neck t-shirt There is no side seam and no deformation The shoulder is pressed,and is n",T-Shirt,Men,"Black,White,Navy",Cotton,699.13,,,false,true,JAC-205,"S,XL,L,M,XXL,XXXL","https://www.zeyrey.net/cdn/shop/files/Sc4cf9523b874434a95e211dcbdc9a4559.webp?v=1756289290,https://www.zeyrey.net/cdn/shop/files/S9d6e9178084642ec9508f76e9f43be00x.webp?v=1756289290,https://www.zeyrey.net/cdn/shop/files/S26803f06ea3543b586e8e021896f4ab7f.webp?v=1756289290"
King Billion Men's Shirts Casual Men Cotton Linen Long Sleeve T-shirt Spring Autumn Vintage Shirt US Size Drawstring Neck,"Premium Linen Material Crafted from high-quality linen, this King Billion shirt offers a comfortable and breathable wear, perfect for spring and autumn seasons.  Versatile Regular Sleeve Style Featuring a regular sleeve style, this shirt is designed for a versatile fit, suitably worn for daily activities or casual outings.  Distinctive England Style With its distinctive England style, this shirt adds a touch of classic elegance to your wardrobe, making it a perfect choice for any occasion.  V-Ne",T-Shirt,Men,"Black,White,Navy",Cotton,250.0,,,false,true,KBM-2387,"S,XL,L,M,XXL,XXXL","https://www.zeyrey.net/cdn/shop/files/S3c9db477f8214f9aa4366566e59f4fcf6.webp?v=1754975815,https://www.zeyrey.net/cdn/shop/files/S0352c6eee33a4f12a33fab53ce831a0fA.webp?v=1754975815,https://www.zeyrey.net/cdn/shop/files/S15d7081df15e4e0eabd5e0b7b06be014m.webp?v=1754975815,https://www.zeyrey.net/cdn/shop/files/Se9af609895614a92beb82f8fc5564046h.webp?v=1754975815,https://www.zeyrey.net/cdn/shop/files/S1fc2db1fe3c74d508627072a7bd22b6fS.webp?v=1754975816"
Korean Men's Cotton Oversized T-shirts Mens T Shirt Casual Summer Wear Emote Fashion Print White Tee Shirts for Men Clothing,"Item details Packing List1  Short Sleeve T-shirtMaterialCottonSleeve styleRegular Short SleevePatternPrintedCollarO-neckFeaturesstylish design makes you more attractive.SizeEuropean sizeM, L, XL, XXL, 3XL, 4XLPlease refer to the size chart info or check in the pictures,before purchasingthe order.The size details are of EU Sizes.",T-Shirt,Men,White,Cotton,200.0,,,false,true,KMC-3885,"S,XL,L,M,XXL,XXXL",https://www.zeyrey.net/cdn/shop/files/S8a4e043ee41248bcad6004a239039164L.webp?v=1754974977
Lake Life T-Shirt Relaxed Fit Outdoor Tee,"Unwind in style with our Lake Life relaxed fit tee, perfect for sunny days by the water. Designed for comfort and easygoing vibes, this outdoor graphic shirt is a must-have for lake lovers, boaters, and weekend adventurers who live for nature and tranquility.",T-Shirt,Unisex,"Black,White,Navy",Cotton,1358.02,,,false,true,LLT-5562,"XS,XL","https://www.zeyrey.net/cdn/shop/files/8d2c5658071a1756ab11bfc8bcdc4eb89aef3fdde0df9f8116e925a482ae8f4c.webp?v=1756289379,https://www.zeyrey.net/cdn/shop/files/68404e64767fe.webp?v=1756289379"
Lilo And Stitch t shirt Set Birthday Lucky Letter Cotton Children's Wear Girls And Boys Sports Shirts Comic T-shirts Baby Casual,Lilo And Stitch t shirt Set Birthday Lucky Letter Cotton Children's Wear Girls And Boys Sports Shirts Comic T-shirts Baby Casual - Premium quality clothing,T-Shirt,Women,"Black,White,Navy",Cotton,967.87,,,false,true,LAS-4021,"S,M,L,XL","https://www.zeyrey.net/cdn/shop/files/S888007d907f24e14a616e1425ecf7f50e.webp?v=1756289051,https://www.zeyrey.net/cdn/shop/files/S1afba57bcc494dfca9c63ab746bc7583y.webp?v=1756289051,https://www.zeyrey.net/cdn/shop/files/S2f3921f9ff4d4956b650860e153fbe1f6.webp?v=1756289051,https://www.zeyrey.net/cdn/shop/files/Sb28e1613540e441b9d7643bd045d1f520.webp?v=1756289051,https://www.zeyrey.net/cdn/shop/files/Se3be0d18506f42289c3a85b48a0de639r.webp?v=1756289051"
Losers Quit Gambling Meme Graphic T Shirt Men's Vintage Fashion O-Neck Clothing T-shirts Unisex Casual Cotton Oversized T-shirt,Losers Quit Gambling Meme Graphic T Shirt Men's Vintage Fashion O-Neck Clothing T-shirts Unisex Casual Cotton Oversized T-shirt - Premium quality clothing,T-Shirt,Men,"Black,White,Navy",Cotton,1070.19,,,false,true,LQG-72,"S,XL,L,M,XXL,XXXL",https://www.zeyrey.net/cdn/shop/files/S6da33b2fa4cf4176b94a64a3a5403200g.webp?v=1756289302
Marvin Beak Funny Staring Eagle Dank Meme T Shirt Men's Retro Fashion Short Sleeve T-shirts Casual 100 Cotton Oversized T-Shirt,Marvin Beak Funny Staring Eagle Dank Meme T Shirt Men's Retro Fashion Short Sleeve T-shirts Casual 100 Cotton Oversized T-Shirt - Premium quality clothing,T-Shirt,Men,"Black,White,Navy",Cotton,707.32,,,false,true,MBF-8727,"S,XL,L,M,XXL,XXXL",https://www.zeyrey.net/cdn/shop/files/S40586f6e67a14f1b882cdc78da47a998S.webp?v=1756289399
Men T Shirts Summer Short Sleeve Funny A Tribe Called Quest Printed T-Shirt Cotton Casual T shirts Customized sbz8341,Men T Shirts Summer Short Sleeve Funny A Tribe Called Quest Printed T-Shirt Cotton Casual T shirts Customized sbz8341 - Premium quality clothing,T-Shirt,Unisex,"Black,White,Navy",Cotton,1338.93,,,false,true,MTS-3568,"S,M,L,XL","https://www.zeyrey.net/cdn/shop/files/Se78b23bcd53c49aaab71783944b5242cb.webp?v=1756289222,https://www.zeyrey.net/cdn/shop/files/Sb3204083b29145369477a0f44a129a59r.webp?v=1756289222,https://www.zeyrey.net/cdn/shop/files/S810740f7ed4f4602adc2c821b47c9e4cJ.webp?v=1756289222,https://www.zeyrey.net/cdn/shop/files/S850fe5604d534bb58cf3e6e6c925dbedD.webp?v=1756289222,https://www.zeyrey.net/cdn/shop/files/S68c41b41646147ad9c75078ff70c2f2fR.webp?v=1756289222"
Men's Casual Fashion Wear Hooded Sweatshirt with Kangaroo Pocket Casual Long Sleeve Hoodie for Outdoor Wear,Men's Casual Fashion Wear Hooded Sweatshirt with Kangaroo Pocket Casual Long Sleeve Hoodie for Outdoor Wear - Premium quality clothing,T-Shirt,Men,"Black,White,Navy",Cotton,645.25,,,false,true,MCF-4101,"S,XL,L,M,XXL","https://www.zeyrey.net/cdn/shop/files/S713979a0c6db42c7b861e5044ed12531Q.webp?v=1756289117,https://www.zeyrey.net/cdn/shop/files/Sec1dcd841dd74fa087595401d249aeda1.webp?v=1756289117,https://www.zeyrey.net/cdn/shop/files/S5e1dae088f3244388704b7ac5579241aE.webp?v=1756289117,https://www.zeyrey.net/cdn/shop/files/Sdca6ed573e19402899f75e2d3f305de4p.webp?v=1756289117"
Men's Half Sleeve Cotton Polo Shirt Casual Lapel Short Sleeve Summer Fashion Trendy High End Body Wear 2024 Summer Style,"Summer Fashion This Men's Polo Shirt is the perfect addition to your summer wardrobe, offering a stylish and relaxed look that's perfect for casual outings or special occasions.  High-Quality Material Made from high-end cotton, this polo shirt ensures comfort and durability, making it a reliable choice for everyday wear.  Versatile Design With its short sleeves and lapel, this polo shirt offers a versatile design that can be dressed up or down to suit different occasions.  Origin Originating fro",Shirt,Men,"Black,White,Navy",Cotton,1396.22,,,false,true,MHS-6411,"XL,L,M","https://www.zeyrey.net/cdn/shop/files/Scc30d20e11604216bcdf5f96c8fcecd3y.webp?v=1756288994,https://www.zeyrey.net/cdn/shop/files/S4cd7e51593c7483c8801148f71f154d6z.webp?v=1756288994,https://www.zeyrey.net/cdn/shop/files/S7110cc6eb3a24dd5bae73a010816cb23p.webp?v=1756288994,https://www.zeyrey.net/cdn/shop/files/S2bb6ef2cf1284b0295b82b7018c7852cA.webp?v=1756288994,https://www.zeyrey.net/cdn/shop/files/Sc948a5fc3da94273bea83de5dbe5b3881_3bfa747f-f57d-42e2-9b91-3c3380165377.webp?v=1756288994"
Men's Oversized T-shirts Mens Cotton T Shirt White 5XL Casual Summer Wear Fashion Print Tee Shirts for Men New Clothing,Men's Oversized T-shirts Mens Cotton T Shirt White 5XL Casual Summer Wear Fashion Print Tee Shirts for Men New Clothing - Premium quality clothing,T-Shirt,Men,White,Cotton,300.0,,,false,true,MOT-230,"S,XL,L,M","https://www.zeyrey.net/cdn/shop/files/S6ff4ff6d23394261b3ec38a9a1c35d1de.webp?v=1754974979,https://www.zeyrey.net/cdn/shop/files/S6de23a37c27447e7a8ccbb212291c9fcE.webp?v=1754974979,https://www.zeyrey.net/cdn/shop/files/Sdf5f4da9f1d14ba0900a5059ccc1c681C.webp?v=1754974980,https://www.zeyrey.net/cdn/shop/files/Sb6b00e1555dd4bf9b169d5e0cd9fc97bM.webp?v=1754974979,https://www.zeyrey.net/cdn/shop/files/Se88ca15b46c8451f8a1c75ea14cb5d505.webp?v=1754974980"
Men's T-shirt Male Cotton Mens T Shirts Graphic Tee Print Casual O Neck Streetwear Men Clothings Tees Womens Clothing Tops,It is Asian sizePlease Double checking the sizecolor befor your payment,T-Shirt,Women,"Black,White,Navy",Cotton,200.0,,,false,true,MTM-5151,"S,XL,L,M,XXL,XXXL","https://www.zeyrey.net/cdn/shop/files/Sa3ae00b41f854d46a8724cedff3f6525E.webp?v=1754975883,https://www.zeyrey.net/cdn/shop/files/S41b5573904e44a04af316e93ae5df9346.webp?v=1754975883,https://www.zeyrey.net/cdn/shop/files/Seed2789c1e974574af41f4dba16ad58aD.webp?v=1754975883,https://www.zeyrey.net/cdn/shop/files/Se0c73fd728494768a7c1393c09dbd647G.webp?v=1754975883,https://www.zeyrey.net/cdn/shop/files/Sa0baec4a944d4c08a111c21630e6aa4bJ.webp?v=1754975883"
Men's t-shirts streetwear Y2k T shirts 2023 Summer Men's Clothes Casual techwear Cotton golf Short-sleeve Oversized T shirt Tops,T Shirt for Men 2023 Summer Men's Clothes Anime Y2k Tshirt Casual Cotton Short-sleeve Tshirt Men Tops Oversized Graphic T-shirts,T-Shirt,Men,"Black,White,Navy",Cotton,2537.34,,,false,true,MTS-9638,"XL,L,M,XXL,XXXL","https://www.zeyrey.net/cdn/shop/files/Sc6af3ccaa975481db5637c9c0415497fA.webp?v=1756289288,https://www.zeyrey.net/cdn/shop/files/S94cfecc0db5246c5a09a17bbf61c79edv.webp?v=1756289288,https://www.zeyrey.net/cdn/shop/files/Saf52e445e649493dadad16f50c75b0eb1.webp?v=1756289288,https://www.zeyrey.net/cdn/shop/files/Sd947c9cc1c1e46f9b98b162269158cedV.webp?v=1756289288,https://www.zeyrey.net/cdn/shop/files/Sf56c9004e9ba4bcba2fcd3aaa884dd28E.webp?v=1756289288"
Men's T-shirts Vintage Baggy Tee Cotton Loose Short Sleeves Casual Print Acid Wash Shirts Unisex Tops,Men's T-shirts Vintage Baggy Tee Cotton Loose Short Sleeves Casual Print Acid Wash Shirts Unisex Tops - Premium quality clothing,T-Shirt,Men,"Black,White,Navy",Cotton,1140.44,,,false,true,MTV-3793,"S,XL,L,M,XXL,XXXL",https://www.zeyrey.net/cdn/shop/files/S6af7a9d9ebf2408fb0de13a0d110e00fl.webp?v=1756288948
Men's White T-shirt Summer Top Casual Shirt Man Blouse Short Sleeve Cotton Linen Shirts Men Loose Shirt Silk,"V-Neck Solid Color Men Shirt Lightweight Front Lace Up Half Sleeve T-shirt Male ClothingDescriptionComes with solid color, front lace up and middle sleeve design, this summer shirt will definitely become one of your favorite casual shirts to wear.A loose and thin t-shirt makes you feel comfortable and at ease. When you pair this shirt with shorts, slacks and jeans, you will be more fashionable.Premium cotton blend material ensures that men shirt is lightweight, breathable and soft touch.There ar",T-Shirt,Men,White,Cotton,597.5,,,false,true,MWT-4980,"XL,L","https://www.zeyrey.net/cdn/shop/files/S0ad32c6e604f4c2c83c0d9063b99269ep.webp?v=1756289330,https://www.zeyrey.net/cdn/shop/files/Sfd9ba59d90ef4bdc8f0b2f0503c5954eN.webp?v=1756289330,https://www.zeyrey.net/cdn/shop/files/Se745f3f0da31444f923e5a4a33bbd7dbL.webp?v=1756289330,https://www.zeyrey.net/cdn/shop/files/Sf985f9480f6d42ca80ab043ebcd6cce6N.webp?v=1756289330,https://www.zeyrey.net/cdn/shop/files/Se67b64a80a4546829ed6cd3193b2ac5ca.webp?v=1756289330"
Mens Long Sleeve Shirt Casual Cotton Linen Shirts Autumn Lightweight Breathable Henley T-Shirts Solid Color Hawaiian Streetwear,Mens Long Sleeve Shirt Casual Cotton Linen Shirts Autumn Lightweight Breathable Henley T-Shirts Solid Color Hawaiian Streetwear - Premium quality clothing,T-Shirt,Men,"Black,White,Navy",Cotton,300.0,,,false,true,MLS-3369,"S,M,L,XL","https://www.zeyrey.net/cdn/shop/files/S0ba601aadf994277a8139b2738e96271F.webp?v=1754975020,https://www.zeyrey.net/cdn/shop/files/S31b5f562415f483d882bc4f6619475dcH.webp?v=1754975020,https://www.zeyrey.net/cdn/shop/files/Sc0f8a4abfb10454793560fa9c781f63ea.webp?v=1754975020,https://www.zeyrey.net/cdn/shop/files/S7863a0447d4249979829d7eb7f440b62O.webp?v=1754975020,https://www.zeyrey.net/cdn/shop/files/S5ac38f9d7eb2420f82ea639d643625e9Y.webp?v=1754975020"
Mitski T Shirt for Men Pure Cotton Casual T-Shirts Round Collar Tee Shirt Short Sleeve Clothing Party,Mitski T Shirt for Men Pure Cotton Casual T-Shirts Round Collar Tee Shirt Short Sleeve Clothing Party - Premium quality clothing,T-Shirt,Men,"Black,White,Navy",Cotton,998.57,,,false,true,MTS-4103,"S,XL,L,M,XXL,XXXL","https://www.zeyrey.net/cdn/shop/files/S7a20f8065cc64cba9320746c1ba51125y.webp?v=1756289014,https://www.zeyrey.net/cdn/shop/files/S9f94ad37653744e9b8537e06a08c2f88z.webp?v=1756289014,https://www.zeyrey.net/cdn/shop/files/Se2b00d9ea18747b88d59e54e761de674O.webp?v=1756289014,https://www.zeyrey.net/cdn/shop/files/Se3705edcb934492298ee93f2601ab24aq.webp?v=1756289014,https://www.zeyrey.net/cdn/shop/files/S1a772a96359240ee8eaab3e9f8da03afO.webp?v=1756289014"
Multi-pocket Vests Women Techwear Outdoor Sleeveless Waistcoats Unisex Cargo Jacket Fashion Safari Style Boyfriend Street Wear,Multi-pocket Vests Women Techwear Outdoor Sleeveless Waistcoats Unisex Cargo Jacket Fashion Safari Style Boyfriend Street Wear - Premium quality clothing,Jacket,Unisex,"Black,White,Navy",Cotton,1370.3,,,false,true,MVW-4638,"XL,L,M,XXL,XXXL","https://www.zeyrey.net/cdn/shop/files/Sde53cce088144bf185134d23c8c74dbeF.webp?v=1756288937,https://www.zeyrey.net/cdn/shop/files/S561978f9c6e0420985bd230fc1f12e58j.webp?v=1756288937,https://www.zeyrey.net/cdn/shop/files/S9d62863907134ab1b5ae9a6e2a60e58dq.webp?v=1756288937,https://www.zeyrey.net/cdn/shop/files/S571a215ff32b4e0a860ab20cbc148f19T.webp?v=1756288937,https://www.zeyrey.net/cdn/shop/files/Sf2d458543cc743459364cadecaff9553o.webp?v=1756288937"
Muscle Mommy Gym Funny Graphic T Shirt Men Women's Aesthetic Fashion Short Sleeve T-shirts Casual 100 Cotton Oversized T-shirt,Muscle Mommy Gym Funny Graphic T Shirt Men Women's Aesthetic Fashion Short Sleeve T-shirts Casual 100 Cotton Oversized T-shirt - Premium quality clothing,T-Shirt,Women,"Black,White,Navy",Cotton,1171.82,,,false,true,MMG-6204,"XXL,XXXL",https://www.zeyrey.net/cdn/shop/files/Sdd4948efc3db4d58a11d42aae58d3ba2d.webp?v=1756289432
Never Let Anyone Dull Your Sparkle T-Shirt,"Experience comfort and style with this Bella Canvas brand tee. Made from high-quality materials, it offers a soft touch and a perfect fit. Ideal for everyday wear, this t-shirt features the inspiring phrase Never Let Anyone Dull Your Sparkle. A blend of modern and casual, it's a must-have addition to any wardrobe.",T-Shirt,Unisex,"Black,White,Navy",Cotton,1358.02,,,false,true,NLA-4622,"XS,XL","https://www.zeyrey.net/cdn/shop/files/671df06e03d52ebb6a1039d891582e8f.webp?v=1756288949,https://www.zeyrey.net/cdn/shop/files/4f1a1de4b12af3505d34b1e13ed08e8a_8c5a15fc-25f1-40c0-94d4-7229215d5488.jpg?v=1756288949"
New Autumn Style Black Color Women Long Sleeve Button Rayon Bandage Coat Pants Fashion Women's Set High Street Celebrate Wear,New Autumn Style Black Color Women Long Sleeve Button Rayon Bandage Coat Pants Fashion Women's Set High Street Celebrate Wear - Premium quality clothing,Jacket,Women,Black,Cotton,3754.86,,,false,true,NAS-7893,"S,L,M","https://www.zeyrey.net/cdn/shop/files/Se59b478268384b4fb911a09074478e65Z.webp?v=1756288980,https://www.zeyrey.net/cdn/shop/files/Sba4e97c24aa44ee7a0309508bb04b9104.webp?v=1756288980,https://www.zeyrey.net/cdn/shop/files/S95bc3b96507d4cee826e493f0db9b834s.webp?v=1756288980,https://www.zeyrey.net/cdn/shop/files/S4fc7d73081f44d0bb3d01d2aeb4db505m.webp?v=1756288980,https://www.zeyrey.net/cdn/shop/files/S9187ba62a2814bb382b866c4b3d2a1b6u.webp?v=1756288980"
New Fashion Women Sexy Party Dress Knit Style Long Sleeve Turtleneck Winter Maxi Dress Slim Work Wear Office Dress Vestidos,"Reminder in the choice of size encountered problems, please leave a message to us, we will help you solve, thank you Size EU Shouldercm Lenghtcm Bustcm Sleevecm S 38 29-32 119-121 28-31 54-56 M 40 30-33 120-122 29-32 55-57 L 42 31-34 121-123 30-33 56-58 XL 44 32-35 122-124 31-34 57-59 XXL 46 33-36 123-126 32-35 58-60 Advice in the size of height and weight SIZE S M L XL XXL XXXL Heightcm 160-165 165-170 170-175 175-180 180-185 185 Weightkg 46-53 53-58 58-62 63-68 69-74 75-80  Part of the product",Dress,Unisex,"Black,White,Navy",Cotton,2222.9,,,false,true,NFW-7443,"S,XL,L,M,XXL","https://www.zeyrey.net/cdn/shop/files/Hf9582dac629b4cbc92d8e9aa912c7d3eW.webp?v=1756288949,https://www.zeyrey.net/cdn/shop/files/HTB1uFdOaVmWBuNjSspdq6zugXXaa.webp?v=1756288949,https://www.zeyrey.net/cdn/shop/files/HTB1urbwa_lYBeNjSszcq6zwhFXaX.webp?v=1756288949,https://www.zeyrey.net/cdn/shop/files/HTB1HmxTa7OWBuNjSsppq6xPgpXaC.webp?v=1756288949,https://www.zeyrey.net/cdn/shop/files/HTB1Urbza9tYBeNjSspkq6zU8VXay.webp?v=1756288949"
One Mental Breakdown Later T-shirts Women Men Cotton Casual Short Sleeve T Shirt Unisex Funny Graphic T Shirts Streetwear Tees,"One Mental Breakdown Later t-shirts women men cotton casual short sleeve t shirt unisex funny graphic t shirts streetwear tees Product description - Gender women men - FabricCotton -Collar O-Neck t shirt -Sleeve Short Sleeve T Shirt - Size S,M,L,XL,2XL,3XL - Collar black, sky blue, grey, green, pink red , white, yellow -Support Wholesale  Dropshipping  Customized - Available Occasion For Daily life,Dating,Casual wear -Size Please compare the detail sizes with yours, please allow 1-3cm differs du",T-Shirt,Unisex,"Black,White,Navy",Cotton,200.0,,,false,true,OMB-3670,"S,XL,L,M,XXL,XXXL","https://www.zeyrey.net/cdn/shop/files/Sc841c97fe88445fd87f9d6608f3cb20aN.webp?v=1754975261,https://www.zeyrey.net/cdn/shop/files/S74e11ab579c84f7a9a2b01f0f4b6181cH.webp?v=1754975260"
Oversized Loose Fit Chic Korean Style Woman New Summer Black Shirt Print Fashion Unique Casual Wear Large Blouses Blusas JJXS096,"Blouse JJXS096 Oversized Loose Fit Chic Korean Style Woman New Summer Black Shirt Print Fashion Unique Casual Wear Large Blouses Blusas JJXS096 About Us JUKUDIDAR Online Store.Thank you for visiting our store.For years, we are focus to providing woman big size clothing, fashionable streetwear, aim to offer good quality large clothes to our customers.Your satisfaction is always our primary goal. Shipping  Return Normally we'll send orders soon after you placing an order with our store, we are abe",Shirt,Women,Black,Cotton,2806.08,,,false,true,OLF-6668,"S,M,L,XL","https://www.zeyrey.net/cdn/shop/files/Se962381c3fa3438aa07f243bdbd5223df.webp?v=1756288920,https://www.zeyrey.net/cdn/shop/files/S0cac6ed8d5d545a0a98f193c41e4ecf4V.webp?v=1756288920,https://www.zeyrey.net/cdn/shop/files/S91432e77b533466782e9310106f5ebf0m.webp?v=1756288920,https://www.zeyrey.net/cdn/shop/files/S48d67e7a0e8a4257b25a356761a624568.webp?v=1756288920,https://www.zeyrey.net/cdn/shop/files/S0c9761748e014c5cb092b79a6c2ba2bbg.webp?v=1756288920"
Plain Cotton Breathable Long Sleeve Clothing Gym Fitness Bodybuilding Sport T-shirts Mens Workout Casual Slim Fit Autumn Shirts,Plain Cotton Breathable Long Sleeve Clothing Gym Fitness Bodybuilding Sport T-shirts Mens Workout Casual Slim Fit Autumn Shirts - Premium quality clothing,T-Shirt,Men,"Black,White,Navy",Cotton,819.18,,,false,true,PCB-3804,"XL,L,M,XXL","https://www.zeyrey.net/cdn/shop/files/S66b3ec82d1aa4b67894d618d3f860635U.webp?v=1756289108,https://www.zeyrey.net/cdn/shop/files/Se58494da69c2437eb12d8c987933734fz.webp?v=1756289108,https://www.zeyrey.net/cdn/shop/files/Se7ca53b4f3114ed3a6273aba595f4732j.webp?v=1756289108,https://www.zeyrey.net/cdn/shop/files/S758b8556e2644201ba1cc524f7e5bc02C.webp?v=1756289108,https://www.zeyrey.net/cdn/shop/files/S719eb00d13e24559923f2ebd1147a84eL.webp?v=1756289108"
Plain T Shirt Men New Fashion Tee Shirts Summer Cotton Short Sleeve Tshirt Fitness Mens Gym Clothing Casual Sports T Shirts,Plain T Shirt Men New Fashion Tee Shirts Summer Cotton Short Sleeve Tshirt Fitness Mens Gym Clothing Casual Sports T Shirts - Premium quality clothing,T-Shirt,Men,"Black,White,Navy",Cotton,1143.17,,,false,true,PTS-3561,"XL,L,M,XXL","https://www.zeyrey.net/cdn/shop/files/H75a127c32c3b44d4a754152580af5aa5l.webp?v=1756289231,https://www.zeyrey.net/cdn/shop/files/H0c3b1fb6a69b4b7cb1307c8588cbfeedk.webp?v=1756289231,https://www.zeyrey.net/cdn/shop/files/Hec135af12eb6401f94014accbee69f1ai.webp?v=1756289231,https://www.zeyrey.net/cdn/shop/files/H56b16ce29da044368d8defac77bab7862.webp?v=1756289231"
Python Coding Funny Gift for Programming Code Enthusiasts T-Shirt Tops Shirts Retro Casual Cotton Men Top T-Shirts Funny,"Terms of Service Shipment When you place an order, please choose a shipping method and pay for the order including the shipping fee. We will send the items within 3-5days once your payment is completed. We check every item before dispatching. Every item is also packaged with great care to avoid damage in transition. We ship worldwide. The Buyer Pays Postage which is added to the price of the item on checkout. Returns We do our best to serve our customers the best that we can. We will refund you ",T-Shirt,Unisex,"Black,White,Navy",Cotton,1634.27,,,false,true,PCF-9767,"S,XL,L,M","https://www.zeyrey.net/cdn/shop/files/S125fb15a18d141aca7a83d5909c8fe878.webp?v=1756288978,https://www.zeyrey.net/cdn/shop/files/Sdd74333d9b0044abbb395b314b90268bd.webp?v=1756288978,https://www.zeyrey.net/cdn/shop/files/S6f94b2267bf54e529283e28410c28b21c.webp?v=1756288978,https://www.zeyrey.net/cdn/shop/files/S06338abe29ce40cca11daa2cd5ffb50fY.webp?v=1756288978,https://www.zeyrey.net/cdn/shop/files/S485c806b422b43c198a043cca62c80a0y.webp?v=1756288978"
Radiohead Rock Band OK Computer Vintage Washed T-shirt Men Women Fashion Hip Hop T Shirts 100 Cotton Casual T-shirts Streetwear,Radiohead Rock Band OK Computer Vintage Washed T-shirt Men Women Fashion Hip Hop T Shirts 100 Cotton Casual T-shirts Streetwear - Premium quality clothing,T-Shirt,Unisex,"Black,White,Navy",Cotton,1092.01,,,false,true,RRB-3293,"S,XL,L,M",https://www.zeyrey.net/cdn/shop/files/S43c0c54f943046c8802620d3ad166181b.webp?v=1756289401
Radiohead Rock Band OK Computer Vintage Washed T-shirt Men Women Fashion Hip Hop T Shirts 100 Cotton Casual T-shirts Streetwear,Radiohead Rock Band OK Computer Vintage Washed T-shirt Men Women Fashion Hip Hop T Shirts 100 Cotton Casual T-shirts Streetwear - Premium quality clothing,T-Shirt,Unisex,"Black,White,Navy",Cotton,300.0,,,false,true,RRB-3293,"M,XXL",https://www.zeyrey.net/cdn/shop/files/S3bcb54a251214768baf6fd667fab2ca7N_fcce13f4-1fd3-4b92-b3cd-3b725a88c4f7.webp?v=1754975201
Rapper Chief Keef Lead Never Follow Leaders T Shirts Men Women Fashion Hip Hop Vintage T-shirt Cotton Casual Oversized T-shirts,Rapper Chief Keef Lead Never Follow Leaders T Shirts Men Women Fashion Hip Hop Vintage T-shirt Cotton Casual Oversized T-shirts - Premium quality clothing,T-Shirt,Unisex,"Black,White,Navy",Cotton,875.11,,,false,true,RCK-8887,"S,XL,L,M,XXL,XXXL",https://www.zeyrey.net/cdn/shop/files/S557f571d57b74495b64c71a1b683ce61k.webp?v=1756289308
Rapper Chris Brown 1111 Album T Shirt Men Women Fashion Hip Hop T-shirts Fans Gift Summer Casual 100 Cotton Oversized T Shirts,Rapper Chris Brown 1111 Album T Shirt Men Women Fashion Hip Hop T-shirts Fans Gift Summer Casual 100 Cotton Oversized T Shirts - Premium quality clothing,T-Shirt,Unisex,Brown,Cotton,844.42,,,false,true,RCB-8452,"S,XL,L",https://www.zeyrey.net/cdn/shop/files/S169dc37076e3448c9f99fc2ae355a6cbB.webp?v=1756289082
Rapper Chris Brown Breezy Bowl XX Tour 2025 T-shirt Men Women Hip Hop Fashion Pop Music T Shirts Casual Cotton Vintage T-shirts,Rapper Chris Brown Breezy Bowl XX Tour 2025 T-shirt Men Women Hip Hop Fashion Pop Music T Shirts Casual Cotton Vintage T-shirts - Premium quality clothing,T-Shirt,Unisex,Brown,Cotton,871.02,,,false,true,RCB-1441,"L,M,XXL,XXXL",https://www.zeyrey.net/cdn/shop/files/Sd3d4338f258b441ca6f2107ce613bca7g.webp?v=1756289176
Rapper Duki Ameri World Tour Merch T-shirts Men Women Fashion Hip Hop Oversized T Shirts Cotton Casual Short Sleeve T-shirt Tops,Rapper Duki Ameri World Tour Merch T-shirts Men Women Fashion Hip Hop Oversized T Shirts Cotton Casual Short Sleeve T-shirt Tops - Premium quality clothing,T-Shirt,Unisex,"Black,White,Navy",Cotton,702.54,,,false,true,RDA-7374,"S,XL,L,M,XXL,XXXL","https://www.zeyrey.net/cdn/shop/files/S5f288f12e4684fd3ae8240688b0493b5J.webp?v=1756289475,https://www.zeyrey.net/cdn/shop/files/S92ed0df875d541b2b373df243e03a76aJ.webp?v=1756289475"
Rapper Kidd Keo Bando Boyz Tour Merch T-shirts Men Women Fashion Hip Hop T-shirt Summer Casual Cotton Oversized O-Neck T Shirts,Rapper Kidd Keo Bando Boyz Tour Merch T-shirts Men Women Fashion Hip Hop T-shirt Summer Casual Cotton Oversized O-Neck T Shirts - Premium quality clothing,T-Shirt,Unisex,"Black,White,Navy",Cotton,787.12,,,false,true,RKK-3459,"S,XL,L,M,XXL,XXXL",https://www.zeyrey.net/cdn/shop/files/S5c837b99688b45018fced3716340e249p.webp?v=1756289048
Rapper RVFV Eltiburón Tour 2024 Graphic T Shirts Casual Cotton High Quality T-shirts Men Women Fashion Vintage Oversized T-Shirt,Rapper RVFV Eltiburón Tour 2024 Graphic T Shirts Casual Cotton High Quality T-shirts Men Women Fashion Vintage Oversized T-Shirt - Premium quality clothing,T-Shirt,Unisex,"Black,White,Navy",Cotton,300.0,,,false,true,RRE-550,"S,XL,L,M,XXL,XXXL",https://www.zeyrey.net/cdn/shop/files/S9cb4f076c5b744f695e6df7a8a30c48fx.webp?v=1754974998
Saudi Arabia National Day It's In Our DNA T-Shirts Men Casual Pure Cotton Tee Shirt O Neck Short Sleeve T Shirts Clothes,Saudi Arabia National Day It's In Our DNA T-Shirts Men Casual Pure Cotton Tee Shirt O Neck Short Sleeve T Shirts Clothes - Premium quality clothing,T-Shirt,Unisex,"Black,White,Navy",Cotton,400.0,,,false,true,SAN-1099,"S,XL,L,M,XXL,XXXL","https://www.zeyrey.net/cdn/shop/files/Sd2e0bd1095734b47b21deaa5d03b419bK.webp?v=1754975964,https://www.zeyrey.net/cdn/shop/files/S6f695a75b53d40c997a0fe039b79c4daq.webp?v=1754975964,https://www.zeyrey.net/cdn/shop/files/Se03b5d72cf0445c7b4eebb069b1dd33fz.webp?v=1754975963,https://www.zeyrey.net/cdn/shop/files/S01ef837959b54b71b5482f4e845f21c9d.webp?v=1754975963,https://www.zeyrey.net/cdn/shop/files/S69ec6ebb988445749e4ee25ade9e66c4W.webp?v=1754975963"
Seoul Beautiful Scenery Printed Washed T Shirt Female Summer Crewneck Clothes Trendy Cotton Short Sleeve Casual New T-Shirts,"- Product Name Washed Loose T-shirts - Fabric 100Cotton -Collar O-Neck -Sleeve Short Sleeve T Shirt - Size XS,S,M,L,XL,XXL - Available Occasion For Daily life,Dating,Casual wear -Size Please compare the detail sizes with yours, please allow 1-3cm differs due to manual measurement. All measurement in cm and please note 1cm0.39inch Our size is Asian size Note 1.There is 1-3 cm difference according to manual measurement. 2.Please note that slight color difference should be acceptable due to the lig",T-Shirt,Women,"Black,White,Navy",Cotton,250.0,,,false,true,SBS-1173,"S,XL,L,M,XXL,XS","https://www.zeyrey.net/cdn/shop/files/S5629f8e164f94a6b9d1861f329f36ba3e.webp?v=1754975984,https://www.zeyrey.net/cdn/shop/files/S5999714a49fb4f20956c07fce25ab403R_021b8994-a81f-4dd8-8b69-d4d510b49567.webp?v=1754975984,https://www.zeyrey.net/cdn/shop/files/S8ac7ab4f2e494d1a9496cba41021d581k.webp?v=1754975983"
Skirts Women 2024 Tight Sexy Office Wear Elasticity Hip Wrap Chic and Elegant Woman Skirt Korean Style Fashion High Waist Summer,"Please note 1 cm  0.39 inch,1 inch  2.54 cm  S Waist 62 cm Hips 75-85 cm Skirt Length 43 cm Weight 40-45 kg  M Waist 66 cm Hips 80-88 cm Skirt Length 43 cm Weight 45-55 kg  L Waist 70 cm Hips 83-92 cm Skirt Length 43 cm Weight 55-60 kg  XL Waist 74 cm Hips 86-95 cm Skirt Length 43 cm Weight 60-67.5 kg  2XL Waist 78 cm Hips 90-98 cm Skirt Length 43 cm Weight 67.5-72.5 kg  3XL Waist 82 cm Hips 92-103 cm Skirt Length 43 cm Weight 72.5-77.5 kg The women's skirts sold in this shop, do not shrink, do ",Skirt,Women,"Black,White,Navy",Cotton,1421.46,,,false,true,SW2-6323,"S,XL,L,M","https://www.zeyrey.net/cdn/shop/files/S29166af9b8e547e487d87d9bf8674660t.webp?v=1756288946,https://www.zeyrey.net/cdn/shop/files/S512768749a174e93addcc901c697a6bcM.webp?v=1756288946,https://www.zeyrey.net/cdn/shop/files/S0674bd2d8fa4400093419097efa256afL.webp?v=1756288946,https://www.zeyrey.net/cdn/shop/files/S6b8dcf66bc13499cb690577de522d3bcc.webp?v=1756288946,https://www.zeyrey.net/cdn/shop/files/S0d7e691e83324de880392d3a8f6dd6d9P.webp?v=1756288946"
Small Neck T-shirts Men 350gsm Cotton Solid Color Male Short-sleeved T-shirt Spring Summer Loose Bottoming Shirt Casual T Shirts,Small Neck T-shirts Men 350gsm Cotton Solid Color Male Short-sleeved T-shirt Spring Summer Loose Bottoming Shirt Casual T Shirts - Premium quality clothing,T-Shirt,Men,"Black,White,Navy",Cotton,1645.18,,,false,true,SNT-6091,"S,M,L,XL","https://www.zeyrey.net/cdn/shop/files/Sbeec9dba3a9b4adfa16b6e6b835e6eeep.webp?v=1756289237,https://www.zeyrey.net/cdn/shop/files/Sdf7b6948bbc647bebe8b388372d5c6ffE.webp?v=1756289237,https://www.zeyrey.net/cdn/shop/files/Sa9c7c2fae47346459897bedd00d7d110w.webp?v=1756289237,https://www.zeyrey.net/cdn/shop/files/S4f42408f26dc4c88a09fa6211a08880f7.webp?v=1756289237,https://www.zeyrey.net/cdn/shop/files/Sc7f7fafc7e294356bb433d1e5abb6ac8z.webp?v=1756289237"
Standard Fashion Hoodie Vest Non-Removable Casual Men's Wear Trendy Lazy Style Youthful Popular Matching AE Stock,"Chinese Origin  Produced in China, this vest guarantees high-quality craftsmanship and materials.  Trendy Design  This vest features a trendy fashion design, perfect for youth who want to stay ahead in style.  Casual Wear  Ideal for casual occasions, this vest adds a touch of elegance to your everyday look.  Versatile Accessory  A versatile accessory that can be paired with various outfits, enhancing your wardrobe.  Removable Hood  The vest comes with a removable hood, offering versatility and a",Hoodie,Men,"Black,White,Navy",Cotton,961.74,,,false,true,SFH-8217,"XL,L,M,XXL,XXXL","https://www.zeyrey.net/cdn/shop/files/S6a11db88211d4a2487d63114458e1594u.webp?v=1756289002,https://www.zeyrey.net/cdn/shop/files/Sdeb00d64621a4a2f8d1342602bdd9052g.webp?v=1756289002,https://www.zeyrey.net/cdn/shop/files/Sfca8466b51594c36ae9ce5ffa348d2cbY.webp?v=1756289002,https://www.zeyrey.net/cdn/shop/files/Sb64a611d02854b37b8c9482ad658aa00r.webp?v=1756289002,https://www.zeyrey.net/cdn/shop/files/S88376387097d4b7882f43f2b54c190ddB.webp?v=1756289002"
Summer 100 Cotton Men's T Shirts Melanie Martinez Portals Print T-Shirts Oversized Casual Tees Unisex Short Sleeve Y2K Clothes,"modnameckeditor Material 100 cotton NOTE 1.As different computers display colors differently,the color of the actual item may vary slightly from the above images.Please allow 1-3cm differ,and this item has some elasticity. 2.if you are not sure about your size,please contact us to tell you your height and weight , and we will recommend the appropriate size for you. ABOUT SHIPPING TIME We will ship your order within 48hours according to the payment time. Thanks for your patience and support. We c",T-Shirt,Men,"Black,White,Navy",Cotton,2250.87,,,false,true,S1C-8922,"S,XL,L,M","https://www.zeyrey.net/cdn/shop/files/S82e9f3fa84f340d09b06da8b6a7aec311.webp?v=1756289047,https://www.zeyrey.net/cdn/shop/files/Sc9fbefb6f7e544ca8227a0bdbb9ebbdcm.webp?v=1756289047,https://www.zeyrey.net/cdn/shop/files/S8e51f42d047044f09668b416b641c5b9d.webp?v=1756289047,https://www.zeyrey.net/cdn/shop/files/S6f5e5371c89e434796836261f6bfdcdcU.webp?v=1756289047,https://www.zeyrey.net/cdn/shop/files/Sc5acc2e940ee497098436fedc4e91902o.webp?v=1756289047"
Summer 100 Cotton Men's T Shirts Melanie Martinez Portals Print T-Shirts Oversized Casual Tees Unisex Short Sleeve Y2K Clothes,"modnameckeditor Material 100 cotton NOTE 1.As different computers display colors differently,the color of the actual item may vary slightly from the above images.Please allow 1-3cm differ,and this item has some elasticity. 2.if you are not sure about your size,please contact us to tell you your height and weight , and we will recommend the appropriate size for you. ABOUT SHIPPING TIME We will ship your order within 48hours according to the payment time. Thanks for your patience and support. We c",T-Shirt,Men,"Black,White,Navy",Cotton,600.0,,,false,true,S1C-8922,"S,XL,L,M","https://www.zeyrey.net/cdn/shop/files/S82e9f3fa84f340d09b06da8b6a7aec311_4985524a-7248-45ee-8989-54274409b93e.webp?v=1754975248,https://www.zeyrey.net/cdn/shop/files/Sc9fbefb6f7e544ca8227a0bdbb9ebbdcm_8e76bf95-7f87-4319-9d40-7782bc4b7faf.webp?v=1754975249,https://www.zeyrey.net/cdn/shop/files/S8e51f42d047044f09668b416b641c5b9d_22a33722-40c8-44cf-9733-46edefacf911.webp?v=1754975248,https://www.zeyrey.net/cdn/shop/files/S6f5e5371c89e434796836261f6bfdcdcU_7b0d0af3-c7cb-478d-8876-69f415c7cb91.webp?v=1754975248,https://www.zeyrey.net/cdn/shop/files/Sc5acc2e940ee497098436fedc4e91902o_bd2d052d-26ce-46f4-91e4-7b73d981ab8f.webp?v=1754975248"
Summer Casual 100 Cotton Regular-Fit Women Crew Neck Basic White T-Shirts,"Women White T Shirts Fabric 100 CottonSummer classic regular-fit tees featuring all-cotton construction,crew neckline and short-sleeve for comfortModel is 175cm,58kg, Size L,if you want oversize,,pls choice 1-2 size bigger",T-Shirt,Unisex,White,Cotton,551.12,,,false,true,SC1-4392,"S,M,L,XL","https://www.zeyrey.net/cdn/shop/files/Sa222bcbb428d425c892c9739d25af5ca5.webp?v=1756289091,https://www.zeyrey.net/cdn/shop/files/Ha8ddede4933e4b2d942598b2123d1d82k.webp?v=1756289091,https://www.zeyrey.net/cdn/shop/files/S5484fdf47bbc4c048162fc81a58e5c74A.webp?v=1756289091,https://www.zeyrey.net/cdn/shop/files/H8e082621ce674ff29884e88845e30e4cc.webp?v=1756289091,https://www.zeyrey.net/cdn/shop/files/S71fb4e284c01414488a33c743a7cc4106.webp?v=1756289091"
Summer Cotton Boys T-Shirt Kids Shirts Baby Boys Casual Short Sleeve Car Print T-shirt For Boy Children Toddlder Tee Shirts Tops,"Hello Welcome to our store Quality is the first with best service. Customers all are our friends. Fashion design, 100 Brand New, and high quality Material Cotton Color Picture Color Size Chart Size Bust Length 2-3T 60 cm 41 cm 3-4T 63 cm 44 cm 4-5T 66 cm 47 cm 5-6T 79 cm 50 cm 6-7T 70 cm 52 cm 7-8T 76 cm 55 cm There is 2-3 cm difference according to manual measurement. Please check the measurement chart carefully before you buy the item. Please note that slight color difference should be accepta",T-Shirt,Unisex,"Black,White,Navy",Cotton,508.15,,,false,true,SCB-9882,"S,M,L,XL","https://www.zeyrey.net/cdn/shop/files/HTB1NXXLoACWBuNjy0Faq6xUlXXa8.webp?v=1756289306,https://www.zeyrey.net/cdn/shop/files/HTB1vKNsoAyWBuNjy0Fpq6yssXXaT.webp?v=1756289306,https://www.zeyrey.net/cdn/shop/files/S9ddbab3c975d4b99a0734d1fc42cb0336.webp?v=1756289306,https://www.zeyrey.net/cdn/shop/files/Se9838037f19e43f6868bd23840ab4421x.webp?v=1756289306,https://www.zeyrey.net/cdn/shop/files/Sf86c9917ce08405ea3901a97cbf5a012p.webp?v=1756289306"
"Summer fashion creative print letter NPC loading casual men's T-shirts, soft and breathable pure cotton men's T-shirts",modnameimagescols2colspace10rowspace10aligncenter,T-Shirt,Men,"Black,White,Navy",Cotton,499.97,,,false,true,SFC-5051,"S,XL,L,M,XXL,XXXL",https://www.zeyrey.net/cdn/shop/files/S02b04ee64f2547399421a3f2ca6b58a1s.webp?v=1756289295
Tate McRae Miss Possessive Tour 2025 T-Shirts Men Women Harajuku O-Neck Short Sleeve T Shirts Cotton Casual T-shirt Fans Gift,Tate McRae Miss Possessive Tour 2025 T-Shirts Men Women Harajuku O-Neck Short Sleeve T Shirts Cotton Casual T-shirt Fans Gift - Premium quality clothing,T-Shirt,Unisex,"Black,White,Navy",Cotton,838.28,,,false,true,TMM-7560,"S,XL,L",https://www.zeyrey.net/cdn/shop/files/S1cb9e8a10a5c48b1892fb50cbfa2085bC.webp?v=1756289053
Team Canada Retro 80's Hockey Logo Casual Cotton T Shirts Tee Tops Round Neck Short-Sleeve Fashion Tshirt Casual T-shirts,"Terms of Service Shipment When you place an order, please choose a shipping method and pay for the order including the shipping fee. We will send the items within 3-5days once your payment is completed. We check every item before dispatching. Every item is also packaged with great care to avoid damage in transition. We ship worldwide. The Buyer Pays Postage which is added to the price of the item on checkout. Returns We do our best to serve our customers the best that we can. We will refund you ",T-Shirt,Unisex,"Black,White,Navy",Cotton,859.42,,,false,true,TCR-389,"S,XL,L,M","https://www.zeyrey.net/cdn/shop/files/S15228cd484f74a75bc0c3dd6f513c5e0I.webp?v=1756289360,https://www.zeyrey.net/cdn/shop/files/S4db7615dbf7b4954a608ba6d7d4f30a1D.webp?v=1756289360,https://www.zeyrey.net/cdn/shop/files/S22481c36b48042e89c3af9c6cff58dd0z.webp?v=1756289360,https://www.zeyrey.net/cdn/shop/files/S2b66c318c2ab442b996a09765aa71651R.webp?v=1756289360,https://www.zeyrey.net/cdn/shop/files/S58dc7d9e16554cf7b66d2fc611e2d3e9u.webp?v=1756289360"
Think Like A Proton Stay Positive Men Women Tshirt Oversized Loose Clothes Street Cotton T Shirts Fashion T-Shirts Casual Tshirt,"- Product Name Couple T-shirts - Fabric 100 Cotton-Collar O-Neck-Sleeve Short Sleeve T Shirt- Size S,M,L,XL,2XL,3XL- Available Occasion For Daily life,Dating,Casual wear-Size Please compare the detail sizes with yours, please allow 1-3cm differs due to manual measurement.All measurement in cm and please note 1cm0.39inch Our size is Asian sizeNote1.There is 1-3 cm difference according to manual measurement.2.Please note that slight color difference should be acceptable due to the light and screen",T-Shirt,Unisex,"Black,White,Navy",Cotton,776.89,,,false,true,TLA-6486,"S,XL,L,M,XXL,XXXL","https://www.zeyrey.net/cdn/shop/files/S854c3693ee444d0aad72d0c747f51b74r.webp?v=1756288982,https://www.zeyrey.net/cdn/shop/files/Sc41ab5d8dc36414d8350c75c3acad3216.webp?v=1756288982,https://www.zeyrey.net/cdn/shop/files/S89714ab52f814217bf674d771bfab448R.webp?v=1756288982"
Thousand Yard Stare Funny Cat Meme T Shirts Men Women's Fashion Casual Short Sleeve T-shirts Cotton Oversized T-shirt Streetwear,"please allow 13cm error,Because measured by hand.suggest 1 or 2 size up than usual",T-Shirt,Women,"Black,White,Navy",Cotton,605.69,,,false,true,TYS-5932,"S,XL,L,M,XXL,XXXL,XS",https://www.zeyrey.net/cdn/shop/files/S2b5895dff94442b3b4cd87a30cfcf401e.webp?v=1756289207
Thousand Yard Stare Funny Cat Meme T Shirts Men Women's Fashion Casual Short Sleeve T-shirts Cotton Oversized T-shirt Streetwear,Thousand Yard Stare Funny Cat Meme T Shirts Men Women's Fashion Casual Short Sleeve T-shirts Cotton Oversized T-shirt Streetwear - Premium quality clothing,T-Shirt,Women,"Black,White,Navy",Cotton,529.3,,,false,true,TYS-5932,"S,XL,L,M,XXL,XXXL",https://www.zeyrey.net/cdn/shop/files/Sfb4b1f243e0b470498ce1f87729331435.webp?v=1756289333
Trendy Loose-Fit Sweatshirt Casual Style Round Neck Pullover For Daily Wear Men's AutumnWinter Fashionable Hong Kong Style,"Trendy Design The Temperament Youth Fashion Tide Lazy Trend 2022 Loose Sweat Hong Kong Style Turtleneck Round Neck daily men's Autumn and Winter hoodie features a trendy design, perfect for those who want to stay ahead of the fashion curve.  Versatile Use This casual style sweatshirt is ideal for various occasions, whether it's a day out on the streets or a cozy night in. Its versatile design allows you to wear it however you want.  Comfortable Fit The loose fit of this sweatshirt ensures maximu",T-Shirt,Men,"Black,White,Navy",Cotton,1433.74,,,false,true,TLS-5689,"XL,L,M,XXL,XXXL","https://www.zeyrey.net/cdn/shop/files/S08629eac49f84f089fb9d443e3c25a76Q.webp?v=1756289239,https://www.zeyrey.net/cdn/shop/files/S41d54c5d3291429181549d604f20ea62a.webp?v=1756289239,https://www.zeyrey.net/cdn/shop/files/S2dea6dfee37c4344bb6a5b797f4d8a8aq.webp?v=1756289239,https://www.zeyrey.net/cdn/shop/files/S03dc541efd16476686614dfc4216b856f.webp?v=1756289239,https://www.zeyrey.net/cdn/shop/files/S5d490b286f094099a7143c95833dc05ew.webp?v=1756289239"
Unicorn T-Shirt Funny Quotes Humor Sayings Unicorns Gift Cotton Men T Shirts Unique Tops  Tees Fitted Casual,Unicorn T-Shirt Funny Quotes Humor Sayings Unicorns Gift Cotton Men T Shirts Unique Tops  Tees Fitted Casual - Premium quality clothing,T-Shirt,Unisex,"Black,White,Navy",Cotton,902.39,,,false,true,UTF-9976,"S,XL,L,M,XXL,XXXL","https://www.zeyrey.net/cdn/shop/files/S6df4cafaab56413c8e1f952caef7f996V.webp?v=1756289342,https://www.zeyrey.net/cdn/shop/files/H1ad630ef3f0c4d288e8d734156a62c70l.webp?v=1756289342,https://www.zeyrey.net/cdn/shop/files/Ha50f08260bfe4231af753ec997d44d159.webp?v=1756289342,https://www.zeyrey.net/cdn/shop/files/H31aa3fb9efde4f819a27116d1911e645f.webp?v=1756289342,https://www.zeyrey.net/cdn/shop/files/He1379ec78f404078a5c7263f065432dbR.webp?v=1756289342"
Vintage Ronnie Coleman Gym Graphic T Shirt Funny Bodybuilder Fashion Clothing T-shirts Men Casual 100 Cotton Oversized T-Shirt,Vintage Ronnie Coleman Gym Graphic T Shirt Funny Bodybuilder Fashion Clothing T-shirts Men Casual 100 Cotton Oversized T-Shirt - Premium quality clothing,T-Shirt,Men,"Black,White,Navy",Cotton,1458.97,,,false,true,VRC-7476,"S,XL,L,M,XXL,XXXL",https://www.zeyrey.net/cdn/shop/files/Sc82f6f275ef24b809dbb344f91aadbc0s.webp?v=1756288923
Vintage Washed Anime Berserk Guts T Shirt Swordsman Gatsu Sacrifice Zodd T-shirts Men Women Cotton Casual Oversized T-Shirt Tops,"pmargin-block-start 0 margin-block-end 0 Welcome To Our Store 1MaterialCotton 2AliExpress official online logistics to ensure that your order is delivered on time 3We accept DIY customization to design unique fashion men's clothing for you 4If you need wholesale, I will give you the best price to improve your business profits 5Any questions about clothing . Please feel free to consult us. Customer service will answer for you the first time men clothing graphic t shirts t shirt oversized t shirt ",T-Shirt,Men,"Black,White,Navy",Cotton,500.0,,,false,true,VWA-7,"XXL,XXXL","https://www.zeyrey.net/cdn/shop/files/S7cf2dfb289e6433c81fca35929f3434fr_65459826-aee1-4d9a-a0d9-2f3e2ab8e9f9.webp?v=1754975972,https://www.zeyrey.net/cdn/shop/files/S31e6ab0bd3ba4b3f802bc94d4be6ca66e_8f47b0ba-b2ac-4ade-8332-bbdbe0fca06b.webp?v=1754975969,https://www.zeyrey.net/cdn/shop/files/S4f40ec5fde7c4fb69aa7143be314a10cx_3ae6cc3c-bc65-4c84-93d0-fc82e1791c63.webp?v=1754975969,https://www.zeyrey.net/cdn/shop/files/S3a216185cf724bf296e8e2fcfa01db8eO_49a8b286-07ff-4991-8220-491e79695235.webp?v=1754975969,https://www.zeyrey.net/cdn/shop/files/S5d8e6662bde34b24abe4fb2fdb42a1e6c_7161649b-297e-4a00-86da-7055d71ea688.webp?v=1754975969"
Washed Vintage Punk Band Green Day 1992 World Tour T Shirts Men Retro Gothic Rock Tshirt Male Cotton Casual Oversized T-shirts,Washed Vintage Punk Band Green Day 1992 World Tour T Shirts Men Retro Gothic Rock Tshirt Male Cotton Casual Oversized T-shirts - Premium quality clothing,T-Shirt,Men,Green,Cotton,943.32,,,false,true,WVP-1028,"S,XL,L,M",https://www.zeyrey.net/cdn/shop/files/S98721d604a494d33b1ad8ad32be62e35y.webp?v=1756289221
Wave To Earth Cat 0.03 World Tour New Album T Shirt Unisex Fashion Aesthetic Clothing T-shirts Men Vintage Casual Cotton T-shirt,Wave To Earth Cat 0.03 World Tour New Album T Shirt Unisex Fashion Aesthetic Clothing T-shirts Men Vintage Casual Cotton T-shirt - Premium quality clothing,T-Shirt,Unisex,"Black,White,Navy",Cotton,300.0,,,false,true,WTE-102,"S,XL,L,M,XXL,XXXL",https://www.zeyrey.net/cdn/shop/files/S6848b965777b489891e1cc7791e84a21E.webp?v=1754975798
"WEEKEND T-Shirt, Green Casual Tee, Relaxed Fit","The Bella Canvas 3001 tee offers exceptional comfort and timeless style. Crafted from premium quality cotton, this shirt provides a soft and breathable feel. The unisex design ensures a great fit for everyone. Perfect for casual days, this green t-shirt labeled with the word WEEKEND adds a playful touch to your wardrobe. Ideal for lounging, outings, or gifting.",T-Shirt,Unisex,Green,Cotton,1358.02,,,false,true,WTG-2846,"XS,XL","https://www.zeyrey.net/cdn/shop/files/6a0c6ce30c7967a0abd3d82068fa9741.png?v=1756289357,https://www.zeyrey.net/cdn/shop/files/4f1a1de4b12af3505d34b1e13ed08e8a_5688e801-c10a-409c-be21-d14c9591603b.jpg?v=1756289357"
Women's A-line Dress Party Retro Small Floral 34 Sleeve Round Neck Dress,Women's A-line Dress Party Retro Small Floral 34 Sleeve Round Neck Dress - Premium quality clothing,Dress,Women,"Black,White,Navy",Cotton,809.63,,,false,true,WAD-6327,"S,M,L,XL,XXL,XXXL","https://www.zeyrey.net/cdn/shop/files/1924348178854662144.jpg?v=1756289158,https://www.zeyrey.net/cdn/shop/files/1924348180385583104.jpg?v=1756289158,https://www.zeyrey.net/cdn/shop/files/1924348170004680704.jpg?v=1756289158"
Women's Clothing Dubai Arab Women's Clothing Abaya Diamond Dress Evening Dress Robe,Women's Clothing Dubai Arab Women's Clothing Abaya Diamond Dress Evening Dress Robe - Premium quality clothing,Dress,Women,"Black,White,Navy",Cotton,2000.0,,,false,true,WCD-7892,"L,M,XL,XXL,S","https://www.zeyrey.net/cdn/shop/files/1924650862371491840.jpg?v=1756289167,https://www.zeyrey.net/cdn/shop/files/1924650857833254912.jpg?v=1756289167,https://www.zeyrey.net/cdn/shop/files/1924650860060430336.jpg?v=1756289167,https://www.zeyrey.net/cdn/shop/files/1924650867555651584.jpg?v=1756289167,https://www.zeyrey.net/cdn/shop/files/1924650852447768576.jpg?v=1756289167"
Women's Clothing Large Size Women's Sexy Dress Nightclub V Neck Dress Solid Color Slit Long Skirt Autumn And Winter Women,Women's Clothing Large Size Women's Sexy Dress Nightclub V Neck Dress Solid Color Slit Long Skirt Autumn And Winter Women - Premium quality clothing,Dress,Women,"Black,White,Navy",Cotton,1508.08,,,false,true,WCL-1635,"L,XL","https://www.zeyrey.net/cdn/shop/files/1924321050641649664.jpg?v=1756289151,https://www.zeyrey.net/cdn/shop/files/1924321061383262208.png?v=1756289151,https://www.zeyrey.net/cdn/shop/files/1924321053103706112.jpg?v=1756289151,https://www.zeyrey.net/cdn/shop/files/1924321056551424000.jpg?v=1756289151,https://www.zeyrey.net/cdn/shop/files/1924321049165254656.jpg?v=1756289151"
Women's Clothing Plus Size Long Sleeve Dress Round Neck Lace Splicing Sexy Slim Hip Dress,Women's Clothing Plus Size Long Sleeve Dress Round Neck Lace Splicing Sexy Slim Hip Dress - Premium quality clothing,Dress,Women,"Black,White,Navy",Cotton,1261.85,,,false,true,WCP-5902,"S,M,XL,L","https://www.zeyrey.net/cdn/shop/files/1924340960398757888.png?v=1756289136,https://www.zeyrey.net/cdn/shop/files/1924340947421581312.png?v=1756289136,https://www.zeyrey.net/cdn/shop/files/1924340958058336256.png?v=1756289136,https://www.zeyrey.net/cdn/shop/files/1924340949724254208.png?v=1756289136,https://www.zeyrey.net/cdn/shop/files/1924340962323943424.png?v=1756289136"
Women's Clothing Spring And Summer New Sexy Pleated Dress Ins Casual Loose Zipper Sleeveless Dress,Women's Clothing Spring And Summer New Sexy Pleated Dress Ins Casual Loose Zipper Sleeveless Dress - Premium quality clothing,Dress,Women,"Black,White,Navy",Cotton,1300.0,,,false,true,WCS-7492,"M,L,S,XL","https://www.zeyrey.net/cdn/shop/files/1924313978365628416.png?v=1756289240,https://www.zeyrey.net/cdn/shop/files/1924313978587926528.png?v=1756289240,https://www.zeyrey.net/cdn/shop/files/1924313979414204416.png?v=1756289240"
Women's Clothing top hip wrapped elastic wide leg jumpsuit,Women's Clothing top hip wrapped elastic wide leg jumpsuit - Premium quality clothing,Clothing,Women,"Black,White,Navy",Cotton,2600.0,,,false,true,WCT-8585,"XL,M,L,S","https://www.zeyrey.net/cdn/shop/files/1924729073860169728.jpg?v=1756289241,https://www.zeyrey.net/cdn/shop/files/1924729072807399424.jpg?v=1756289241,https://www.zeyrey.net/cdn/shop/files/1924729071716880384.jpg?v=1756289241,https://www.zeyrey.net/cdn/shop/files/1924729070429229056.jpg?v=1756289241,https://www.zeyrey.net/cdn/shop/files/1924729075848269824.jpg?v=1756289241"
Women's Custom Logo Gradient Color Fitness Blazer Vest Long Sleeve Yoga Pants Set Quick Dry Breathable Gym Wear Elastic Waist,"Frequently Asked Questions FAQ 1. What are the features of your products Answer Our products are characterized by high quality, durability, and innovative design. We use the most advanced materials and technologies to ensure our products meet our customers' requirements. 2. What payment methods do you accept Answer We accept various payment methods, including credit cards, PayPal, bank transfers, and Alibaba online payments. The specific payment method may vary depending on the order details. 3.",Pants,Women,"Black,White,Navy",Cotton,2300.0,,,false,true,WCL-4816,"XL,L,S,M","https://www.zeyrey.net/cdn/shop/files/1854104782134829056.jpg?v=1756289175,https://www.zeyrey.net/cdn/shop/files/1854104776095031296.jpg?v=1756289175,https://www.zeyrey.net/cdn/shop/files/1854104777047138304.jpg?v=1756289175,https://www.zeyrey.net/cdn/shop/files/1854104779282702336.jpg?v=1756289175,https://www.zeyrey.net/cdn/shop/files/1854104777047138305.jpg?v=1756289175"
Women's High Quality Polyester Spandex Yoga Workout T-Shirt Compression Fitness Gym WearPolyester spandex yoga wear,"Frequently Asked Questions FAQ 1. What are the features of your products Answer Our products are characterized by high quality, durability, and innovative design. We use the most advanced materials and technologies to ensure our products meet our customers' requirements. 2. What payment methods do you accept Answer We accept various payment methods, including credit cards, PayPal, bank transfers, and Alibaba online payments. The specific payment method may vary depending on the order details. 3.",T-Shirt,Women,"Black,White,Navy",Polyester,2400.0,,,false,true,WHQ-659,"S,M,L,XL","https://www.zeyrey.net/cdn/shop/files/1854104344496955392.jpg?v=1756289183,https://www.zeyrey.net/cdn/shop/files/1854104312737685504.jpg?v=1756289183,https://www.zeyrey.net/cdn/shop/files/1854104312263729152.jpg?v=1756289183,https://www.zeyrey.net/cdn/shop/files/1854104313454911488.jpg?v=1756289183,https://www.zeyrey.net/cdn/shop/files/1854104313849176064.jpg?v=1756289183"
Women's Line High-end Long Ruffled Edge Lantern Sleeves V-neck Vacation Beach Dress,Women's Line High-end Long Ruffled Edge Lantern Sleeves V-neck Vacation Beach Dress - Premium quality clothing,Dress,Women,"Black,White,Navy",Cotton,1200.0,,,false,true,WLH-4612,"S,M,L,XL","https://www.zeyrey.net/cdn/shop/files/1924347964911603712.png?v=1756289175,https://www.zeyrey.net/cdn/shop/files/1924347973270851584.jpg?v=1756289175,https://www.zeyrey.net/cdn/shop/files/1924347959077326848.jpg?v=1756289175,https://www.zeyrey.net/cdn/shop/files/1924347963082887168.jpg?v=1756289175,https://www.zeyrey.net/cdn/shop/files/1924347971689598976.jpg?v=1756289175"
Womens Clothing large size sexy dress wholesale supply embroidered lace edge one shoulder short skirt sweet female god style,Womens Clothing large size sexy dress wholesale supply embroidered lace edge one shoulder short skirt sweet female god style - Premium quality clothing,Dress,Women,Red,Cotton,1900.0,,,false,true,WCL-3507,"S,M,L,XL","https://www.zeyrey.net/cdn/shop/files/1924319017553448960.jpg?v=1756289177,https://www.zeyrey.net/cdn/shop/files/1924319029167476736.jpg?v=1756289177,https://www.zeyrey.net/cdn/shop/files/1924319010351828992.jpg?v=1756289177,https://www.zeyrey.net/cdn/shop/files/1924319027393286144.jpg?v=1756289177,https://www.zeyrey.net/cdn/shop/files/1924319038692741120.jpg?v=1756289177"
Worlds Sluttiest Dad Funny Meme T Shirt Men Women Harajuku Fashion Casual Short Sleeve T-shirts High Quality Pure Cotton T-shirt,Worlds Sluttiest Dad Funny Meme T Shirt Men Women Harajuku Fashion Casual Short Sleeve T-shirts High Quality Pure Cotton T-shirt - Premium quality clothing,T-Shirt,Unisex,"Black,White,Navy",Cotton,1215.47,,,false,true,WSD-6524,XXXL,"https://www.zeyrey.net/cdn/shop/files/S3c60fab4dfd34317aa3545b202cbaae5h.webp?v=1756289397,https://www.zeyrey.net/cdn/shop/files/S4f3026a41d7b4cb5918ec93eb067f0feG.webp?v=1756289397,https://www.zeyrey.net/cdn/shop/files/S6878efdd54884d7f85a76869ecaf255cD.webp?v=1756289397,https://www.zeyrey.net/cdn/shop/files/S90b3740200b9450cac2c24fd681b7761M.webp?v=1756289397,https://www.zeyrey.net/cdn/shop/files/S767529d3e0ce442881ab8e887da7f65bR.webp?v=1756289397"
Yeh I Support Lgbt Funny Meme T-shirt Men's Women's Harajuku Vintage Oversized T-shirts Fashion Casual Cotton T Shirt Streetwear,Yeh I Support Lgbt Funny Meme T-shirt Men's Women's Harajuku Vintage Oversized T-shirts Fashion Casual Cotton T Shirt Streetwear - Premium quality clothing,T-Shirt,Women,"Black,White,Navy",Cotton,1111.79,,,false,true,YIS-3400,"S,XL,L,M,XXL,XXXL",https://www.zeyrey.net/cdn/shop/files/Se3cfc8ab4cb04769b19f8b4b1fd2d07ew.webp?v=1756289397
